Observed m_z,Adducts,pca_0,pca_1,pca_2,pca_3,pca_4,pca_5,pca_6,pca_7,pca_8,pca_9,pca_10,pca_11,pca_12,pca_13,pca_14,pca_15,pca_16,pca_17,pca_18,pca_19,pca_20,pca_21,pca_22,pca_23,pca_24,pca_25,pca_26,pca_27,pca_28,pca_29,pca_30,pca_31
925.4807,[M-H]-,-44.49979762624614,-0.21412797273858564,0.1957658358671963,-0.23212792850514918,-0.4399011995931503,-0.1866552408227027,-0.044164634553977566,-0.016902343283384302,0.07719062797045811,0.002000535487860996,-0.1739041122710755,0.020411605616134317,-0.05149561193351897,-0.0015587112302826514,-0.020663957822344967,0.017418373539725012,-0.0050931053335002896,0.007912483410804296,0.014826200944315934,-0.0031575983426297177,-0.004440231540753727,-0.024912079774934034,0.010800861648683107,0.002164806419966532,-0.0035243280933683575,-0.015941611407355498,0.007137274908467587,0.018053373389402473,0.0036503572262842356,0.011300269427684903,0.02204930975654767,0.011290655250656811
1107.5929,[M-H]-,-43.499539612964604,1.9005523451922144,-0.011234626626092868,-0.03265240156476967,0.020523650961788834,0.063419012100101,-0.006351562862493114,0.08433287752905703,0.0010226653787727574,0.01871313544942391,-0.04015872439613666,0.05478908196364849,0.012148074640640452,0.1092405668382178,0.0479962474756919,-0.12079988056218854,0.01414956730538266,-0.018925758284453878,-0.011139410738692705,0.06078333233544315,-0.05109592748423903,-0.016519052038088528,0.0146573955762542,0.03232474496673852,-0.031011130572886892,-0.035820880675782686,0.0020009440505042862,-0.010670633390564078,-0.016081710937399796,-0.017826445417432314,-0.01321245142034655,-0.0018878676544018549
797.4684,[M-H+HCOOH]-,-42.49954481319281,1.8479086493737087,-0.048350613185496785,-0.13805328722243335,-0.014608162869732905,0.04413011978736976,0.08410124616837664,-0.21118598756093496,-0.025809254138157187,-0.14064048367372448,0.03949318411446444,-0.007600215505584223,-0.0002941373186176182,-0.08902398217545114,-0.03217749478439921,-0.021610084302390788,-0.03686649466133021,0.009409901724514573,-0.04608885110015796,-0.06788042931215593,-0.13793274069492703,0.039381499801822394,0.0763613066586171,-0.00846445183179267,-0.05944961755497186,-0.027387856925917126,-0.0014216010916845503,-0.01450572333911119,0.004762981461299406,-0.005895363492233943,-0.03865564253969225,0.007314806261009028
807.4908,[M-H]-,-41.50008267916998,-0.3236950736995765,0.5445467732148191,-0.08482652467287896,0.2154491901082209,-0.007644482784996123,0.0014041258056522023,0.03868956659481012,-0.10271114794822854,-0.0575770573094107,0.11016088561572869,-0.09360241196764553,0.0053607725812081465,0.11666439274312092,-0.030380275276135113,0.10493243421973711,-0.057338672237055965,-0.16937482175237406,-0.003985826887802791,-0.04455491567917478,0.005128467656714903,-0.03877947069749581,0.03209257313399761,0.014434814805091853,-0.02230218101072044,-0.0025119348539983668,0.025727275537932824,0.011175096132477691,0.007269996749952998,0.0038090521635267246,0.00825720235851383,0.0015419987611006096
681.4214,[M-H+HCOOH]-,-40.500138262549584,-0.4307290831893989,-0.3801994913669047,-0.27543351137510624,0.18699747165121455,-0.057964882554933005,-0.11917147679944654,0.0028772812604272056,-0.013268169817125041,-0.0577460499954822,0.03097114929969745,-0.10109703026717469,-0.09783865778369885,0.038497618299716624,0.031146727848657817,-0.03361658686943358,-0.03562398970521439,0.04257825376546319,-0.12628813016376367,0.053516040306392475,0.11185632878846397,0.10968943774498284,-0.027788615660486633,0.07306562056839425,-0.09313253545259659,0.025287587610780458,-0.11563742595889896,0.0016248396264187033,0.06653020054597122,-0.007722979903619122,-0.017761096044087887,0.014578934851094865
925.4798,[M-H]-,-39.499812159404264,-0.21403673826422503,0.18555970760269153,-0.24261404578887133,-0.41487842345594284,-0.1978747515704327,-0.04179637664018787,-0.03145626975314424,0.09148097097988202,-0.010124546918613355,-0.19620440437822248,0.0231896678147357,-0.060648174693232006,0.005044751844440113,-0.009611601571404033,0.01726851897372527,0.013735022114471022,0.022892869198533162,0.01829607583807498,-0.009676433252687758,-0.0005939851576639351,-0.017712357738204374,0.005490861434471708,0.01913079774986488,-0.015786823367526962,-0.02783727054014946,0.008102119477689533,0.013119801048299375,0.0034161125618067606,0.006761178238405691,0.019955649082814143,0.017773532506137186
793.4374,[M-H]-,-38.49978260950589,-0.26353517049092007,0.15629511984043737,-0.31242364143875895,-0.4385397722124436,-0.2350574354358762,-0.024866998860964103,0.025234541740955376,0.020241030674276173,-0.012678664618078992,-0.15413187990057284,0.006837605084754708,-0.06482605530407377,-0.03180915498605015,-0.030956664074828735,0.06931064400879512,0.0009772316912830948,-0.03158357610514886,0.02149700974993772,-0.013000096796714204,0.005764474296187725,0.011679131559559179,-0.035015665674851974,-0.008004457667052413,-0.01839767078724462,0.016982757658667986,-0.003219128580675109,-0.01060986301018857,0.007022407583874335,-0.02327100086344378,-0.013035679646509236,-0.005353345378916406
845.4891,[M-H+HCOOH]-,-37.499997262969956,-0.3221979793215426,0.5538305821294092,-0.1868713225906284,0.17674107503719125,0.004189645089111457,0.09039394891803618,0.11722470982254812,-0.15520221115942262,-0.021662419856978313,-0.048116797156625014,0.1254914104819928,-0.0334190016606651,-0.08000150188260974,-0.043898524627627916,-0.040698024650777556,0.11571806507684002,0.06839624587007515,-0.049002690579209224,-0.018644133042506318,0.022900938192837117,0.0013789761074082094,-0.000995671743250574,-0.004526047328665331,0.014123272970092977,0.0042030411464073405,0.003423201081050105,0.0006522707054947018,0.002848313614342678,-0.00405826794775541,0.00992981038310894,-0.021425522631410482
977.5317,[M-H+HCOOH]-,-36.49999689683999,-0.30586411212173414,-0.06314905359381126,-0.010109443665434743,-0.08644637190158588,0.24483196320572512,-0.09565768926366723,-0.08808611863571449,-0.11000318097728086,0.014190655278208255,-0.028357998324360718,-0.1323286790855201,-0.049411763568858715,0.003940318949701493,0.05257974577594015,0.01020116303028528,-0.006767167229609433,0.022091932328346428,-0.040421935033985834,0.010994995408480802,-0.005539862736896429,0.017981881292400508,0.006405835065249118,0.038301857926851327,0.06840637423704272,-0.01157387037683346,0.04931318804149508,0.02448229111836204,-0.027566677937445834,0.002719228884286092,0.022316318713933424,-0.000645219984124703
1007.5422,[M-H+HCOOH]-,-35.500315478964595,-0.2720969568460623,0.10479420426422913,0.056913416174477725,-0.03385242582492598,-0.05339315774541584,0.07722049536632809,0.014933626359899829,0.02110182907353396,0.2923528424733339,0.012586721155695351,0.15231026383317303,0.1565508930941922,-0.23501678345734958,0.3196550985698285,0.0005748067381958238,-0.08540224138214486,-0.10731511424088477,-0.08085130408666759,-0.05235718045654803,0.05530350888437826,0.02342133368495643,-0.017088895609349782,-0.00913930864733203,-0.007090438535923014,-0.025784007420920383,0.01107737527847976,0.038210025019599206,0.010133316222629736,-0.007076030449362418,-0.013785434250258162,-0.0021666082824907725
1285.6451,[M-H+HCOOH]-,-34.50033071109959,-0.06772073997357947,-0.07032932150505464,0.38310759010535644,-0.014085524846856996,-0.026260403294541185,-0.08201397000729618,-0.005544569474286357,-0.0017921173131639288,0.054036427867345804,0.027151985544365185,0.07865078130057887,0.0389824951480636,-0.0009095492503260981,-0.05011267472103495,0.03721999569163539,0.041275241319481994,-0.010865627448447558,0.012204083538802429,-0.00964298894158263,-0.022298913643089,0.008553455345396914,-0.03369752638801151,0.025029848606303095,0.00838862176379362,-0.00046795893218170686,-0.02428497459703728,-0.020901596841632127,0.006228091637382935,0.020632067254120118,0.001657572253614527,0.0118007546115537
1239.6361,[M-H+HCOOH]-,-33.50024879337873,-0.11054041807346685,-0.02286978929390091,0.3715848411337207,-0.07306529709501358,0.03923217556532574,-0.04960832630098974,-0.02209557640870217,0.026562796318630743,-0.0029242761944785712,0.04519800508648988,0.009718651997957675,-0.012881594663130339,0.010941278758290558,-0.03131300056795034,0.002666970888406975,-0.0012541452369160843,0.012191640168000619,-0.034006934849788326,0.008507571837629768,0.008222835183625047,0.001386947407072359,0.013707068123035366,0.0021506429833812305,0.02767480644534678,0.0012032261641112274,-0.00588351751723194,-0.003442076253973254,-0.015295930271292894,0.015486167272391039,0.017291481835129043,0.004693893912674868
825.5005,[M-H]-,-32.50007051152609,-0.3354748167646667,0.5471416179343354,-0.09604987941902503,0.23178981567660378,0.004475444090009976,0.017211396745447884,0.05175430909904636,-0.103251796737971,-0.061088359272655976,0.09010945655908013,-0.0645166847532952,0.011106346848076777,0.11378292788209027,-0.038334167411659514,0.08488455530983034,-0.019236578201273835,-0.13877458110487378,0.006233380124906079,-0.06036143564532027,0.0066937589494590255,-0.03798774827392937,0.026532202539715333,0.01086124988963372,-0.026640264363023514,0.013386522171420218,0.01612531463457287,0.029291109436358553,0.011154633710813208,0.004757165918052653,5.6567724410126356e-05,-0.011967677789229397
961.5402,[M-H]-,-31.50022824442403,-0.2956276592529281,-0.14918285387613672,0.13926399720561763,0.10243729359720255,0.014673435218743317,-0.14237977851997544,0.10312712099556945,-0.06412362583082794,-0.12510135316183874,-0.07979803660944544,-0.06834694707249561,0.07939361394193814,-0.03925211121106675,0.0455742888754584,0.05882557703551185,0.045548385742560794,0.008356948193010385,0.04236478317476893,0.045630039072997515,-0.06848935280994153,0.06267079548697932,-0.08768515421604803,-0.0012295513489875688,0.016749463573959723,-0.003797315756070893,0.02514931279953256,-0.002519199643670503,0.0018230296032018378,-0.042576810517798665,-0.005807367302767417,-0.029902446210443995
799.4839,[M-H+HCOOH]-,-30.500175182528416,-0.30215367169842294,-0.39670389832819414,-0.1472782167446562,0.13445717246023559,-0.33361595054721,0.03751029232502824,-0.0900515535065598,-0.03477510696769913,0.197650211742612,0.09939435968321791,-0.036509588294293356,-0.03964071466378489,0.002839006947854653,-0.042490417452276115,0.018621012871193252,0.058044509725101556,-0.002441618209360876,0.012827710130053096,0.05641171075822675,-0.017098952448285864,-0.0117798490464365,0.04826613843822115,-0.05931022011481691,0.020595809307321928,-0.019625184197391805,-0.00012917505164290025,0.0061534577434417415,0.007373559665805451,-0.028944472236191798,0.024526049511223762,0.002314639081187397
947.5205,[M-H+HCOOH]-,-29.500333340136006,-0.272786494349372,-0.23765224025034754,0.038294265126246736,0.2327106013026803,-0.12039471374610898,-0.239855812299466,0.04166814805411537,-0.06096355144188268,-0.03781573995948242,-0.04255668953396021,0.019002276920214983,0.07692131199661854,-0.019627289710327626,0.054701609476956126,0.009873063139506871,0.08904562936868612,-0.002246379909736543,0.08456550517352078,0.008331352608914442,-0.052683182298445125,0.014515251568736202,0.009251619138170197,0.029759889352172744,0.025980790212099262,0.01342508270590825,-0.07117380079165855,0.057119109547252564,-0.048048848465180274,-0.010680364927497556,-0.05165706250361518,0.011982703773100343
1139.5831,[M-H+HCOOH]-,-28.500190345937362,-0.20891700057100115,-0.13101467568282904,0.2633030974612669,-0.05950357441520027,-0.022502947015572178,0.03887361587529172,0.041893300427224514,-0.07336818762287789,-0.01799012914459249,-0.0013580484076736391,-0.04353910012402954,-0.0006802481919755668,0.015573328235203177,-0.015031971901614687,-0.03932577268233612,-0.024525557838979112,0.04573788288332137,0.003493186527708961,-0.02034804389317915,-0.00371966534705701,-0.05596496776933195,-0.027837883940924676,-0.057379348262733304,-0.029155655147535726,-0.001650386876221648,-0.004369298803364531,-0.002146980049861103,0.021992045453302463,0.012765016850687259,-0.01799591680085,-0.010484799140205186
1371.6779,[M-H]-,-27.500310682043978,-0.015435973110493093,-0.0021972641837749076,0.43975714465722676,-0.044699130065363364,0.019742155746731556,-0.10676325515529433,-0.03149497529158871,0.05126557379705937,0.04772339761977676,0.04036444629324807,0.06320678607412585,0.002449439442902858,0.007850251215228614,-0.06343370588692908,0.008476172410093592,-0.00049070484464191,0.00812142814764295,-0.031216446941885245,0.012994890946645403,-0.00807709053261026,0.0029822301805166266,-0.008317143957784582,0.002385704004558884,0.031315039119338646,0.0003846138131228548,-0.01983701163175153,-0.003002817358143243,-0.0126793998337053,0.04264664919037131,0.01140120346436983,0.0038149017722302466
811.4834,[M-H+HCOOH]-,-26.499849820904412,-0.3998755482030024,-0.12641458104048306,-0.21466450754880398,-0.09101799942909876,0.3793040052553063,0.04678416891378519,-0.03632375371824094,0.024299035714787098,0.1048992768312748,-0.017445191770667206,-0.007065400697138469,-0.0024618969675517725,0.024077970410069805,-0.046509698027463346,0.0006128824728790559,0.03965654162502661,-0.02324770535697798,0.02436170884216965,0.016356783678054335,0.012907540591771939,0.009691629159844724,0.0014489165139432917,-0.04234884100419641,-0.00964006774297275,-0.004797589265082247,-0.011142750911379402,0.012893988707721972,0.02997916129183612,0.06107923425348296,-0.019502629246850565,-0.04512653441344641
1165.6014,[M-H+HCOOH]-,-25.499997486280837,-0.22249282509361176,0.583289741983625,-0.01509471793777179,0.15677226732148672,-0.02108513080775353,0.01867949106341292,-0.09274271767851454,0.11719795237736962,0.023843110948932378,0.019369366875623434,-0.10610523443030052,0.04651938790159026,0.027023550580436397,0.005098319562198924,-0.007618166134377765,0.012163843184366353,0.006836938343305321,-0.00970588670514217,-0.026687027756913857,-0.01349582941797889,-0.03185522356929409,-0.008987874494841168,-0.004119537312752703,0.014958089677354382,0.02996078105708434,-0.00662086975253974,-0.016635630553324593,-0.01784292662815215,-0.009947308681648427,-0.01684391366398723,-0.01273201588080811
1315.6541,[M-H+HCOOH]-,-24.50021572442798,-0.0917513560651493,0.05597377930689042,0.3368094027431126,-0.0790544221514487,0.05428789269114052,-0.005532426542983263,-0.04964532831300866,0.09664470709508557,-0.0104085833430478,-0.011263651340947246,0.01357770165218832,-0.038870742787918695,-0.03807746043792643,-0.03390215761627523,-0.02419771377397166,-0.028053406453624818,0.05064202258214991,-0.06768358543908139,0.02651113931070718,0.05389474406926727,-0.02944311983538133,0.037774713994619756,0.0023506898325050055,0.03133692823309102,0.04675787887221962,0.04301703202678736,-0.042205472051217385,-0.0810395464583128,-0.01943916628781469,-0.04160844787357523,-0.03469732354426037
799.4855,[M-H+HCOOH]-,-23.500182495868447,-0.3051211441747882,-0.40765529111676124,-0.14842195889688967,0.1389820536385851,-0.3339716023404518,0.031129249016764414,-0.09123041739596455,-0.03163492011598213,0.18999891432352878,0.09564752648125588,-0.043763948626372104,-0.04565811416691395,0.0050998512653759156,-0.046489130167569906,0.019540989756590046,0.04731098871392265,-0.010127767970940041,-1.8122762960699075e-05,0.05473923790675916,-0.017238427417593558,-0.0071077303173731005,0.03362741193540976,-0.05298745307398861,0.0191465687621569,-0.01880057405570237,-0.006402262231163564,0.007889099418062715,0.004270683235269136,-0.022561675334042575,0.01501767619033224,-0.010483790222437183
521.3857,[M-H+HCOOH]-,-22.4999725863527,-0.5806119168296912,-0.5036685451657954,-0.5817081522515164,0.24598082075628616,0.05506480225946644,-0.12736613788992962,0.08299934323999766,0.24558996101985353,-0.15545293861723597,0.024622265822776192,0.14671859603066503,0.09469918353741073,-0.047492172024557126,-0.13939790938799992,-0.01846924628170108,-0.14507988245929532,-0.0033904790463448768,-0.09842627904242565,-0.04618892003492644,-0.03399033449053999,-0.11175284538985111,-0.091658249019513,0.011455563468837417,0.07500582976290415,-0.005009884310512854,-0.009378251066023614,-0.009249610822329129,0.034264720331955184,-0.04760082115306792,0.02878938990335177,0.007060554309107135
1325.6394,[M-H]-,-21.500306269348556,-0.025312549643277265,-0.020620998148217308,0.40781210188352496,-0.017308937098247934,-0.010457991028275328,-0.11178883406928589,-0.01291622877887182,0.06281466435099223,0.05975329103471614,0.03138649027556598,0.09415326572116538,-0.0036712181686381897,0.02041593811672457,-0.0805647190834531,0.010687596976729883,-0.004339183521351808,0.0084928783176869,0.0003055652559701245,-0.011687909617053127,0.015684036028955472,0.020729061346751832,-0.010087980717990724,-0.001503184558501584,-0.020265052417164784,-0.013319622615038907,0.025569920957493372,-0.009306447497161405,0.0018779512980430723,0.007340678802144593,-0.011677290998977203,0.002677225982845718
1137.5745,[M-H+HCOOH]-,-20.49942925634122,1.9120489528928033,-0.014042279207425888,-0.07182485313249094,0.0071187267750667735,0.029133919701392896,-0.0163869340054611,0.12267431914786439,-0.017345949328034148,0.07281081306887462,-0.09105518935230726,0.02914749161075334,0.05480779873879858,0.16520393172416267,0.023183249267375635,-0.07615965242693187,-0.018782750830660448,-0.007492901018496289,-0.02620755927597273,-0.00479735166162957,-0.003128076173136319,0.016123615972304158,0.012214230966324863,-0.021099053493368453,0.012846411834405713,-0.019575934281226413,-0.004268873366568799,-0.03235871319655495,-0.0171080212306127,-0.012861687034364395,0.007509924112411687,-0.007125877244301199
725.4475,[M-H+HCOOH]-,-19.499893736869794,-0.4841564274021004,0.2397090210649627,-0.3103566498056339,-0.13469185380469187,0.15083477537162418,-0.04405784895066727,0.03770110252200687,0.08621910202029093,-0.067514760033539,0.3238613719009846,0.18881075887783422,-0.21575631730518705,0.1489204508183603,0.255767071328627,0.06581701824704309,-0.050582619341877445,0.1102491556527355,0.12581854685830557,-0.0020829138666600285,-0.047214041676164054,-0.008014581063508643,-0.015752260957281234,-0.026872153218360024,0.03476099423601565,0.014278919358431915,-0.008019969654216998,-0.034097875789672945,0.01696342924327504,0.0013211053569461182,-0.0003714465197057004,0.0024477082319021765
887.5001,[M-H+HCOOH]-,-18.50009278522096,-0.31351278449997116,0.3712938605645791,-0.11301574962912785,0.19898578529474298,0.03290200608696354,0.06805564251352787,0.12983751604511096,-0.15003834016806142,0.03380298069847328,-0.06983155914254034,0.08682146973576264,0.022910997313815976,-0.03411853129526058,-0.07585779906432467,-0.023771740912469745,-0.1317653875951453,0.09988274607723349,0.11860825248512762,0.05762473607866273,-0.0010398831312614493,0.026911638884817353,0.04352048436938073,0.05817694634529293,-0.06492373292382772,0.04874066871475154,0.02100719453788374,0.06389262035969244,0.0020357388240771434,-0.02012863455282947,0.034857231743546185,-0.010504475178827456
799.4844,[M-H]-,-17.499841639063916,-0.37258837470666223,-0.12115737555693673,-0.19313160812985264,-0.09989900008026668,0.41071021285035,0.008504359750563321,-0.06428028598209307,-0.008381974040751427,0.1148609359584091,-0.015011967733229204,-0.01020551453506493,-0.006165764607096858,-0.0018632241427607582,-0.04825341818583113,-0.00476336468681695,0.03464158139204019,-0.014482910474556788,-0.0020122516274543234,0.017446556237512602,-0.011152389272907652,-0.030073420992086763,0.01731677268698818,-0.026083230290519545,-0.016114164091342323,0.016984281374782566,-0.03335289191846669,0.014475821033886045,0.012921116027008761,-0.0168826158754273,-0.013588972376160113,-0.0036632535773180076
829.4962,[M-H+HCOOH]-,-16.500017326184064,-0.40468402813469545,-0.20878195054638055,-0.057544435413756805,-0.11070919559555546,0.03420648091651281,0.30016422017021727,0.05225124602833996,0.11029378519683397,-0.04056189598589431,0.03317165946570729,0.008877671975878536,0.06770630221545641,-0.012697671618760906,-0.010959420772650753,-0.01726280909033381,0.03840008058703895,-0.01528412770647598,0.014071995796364194,-0.0010027649153153035,0.028619348354922552,-0.03027737062290681,0.05902320030548433,-0.003358590242539763,-0.013045837266433309,0.024776803804945024,-0.03318860281001566,-0.03188196295136796,-0.021354036982188216,-0.02078837961815854,0.020358860729138176,0.05297397874127188
1255.6319,[M-H+HCOOH]-,-15.500318681800206,-0.12330777365413778,-0.08684541450346157,0.365448855554526,-0.027053053914918367,-0.015221480623380206,-0.05847446820044845,-0.0022622421465143937,-0.01682968645685854,0.018986953822227193,0.029083433581492794,0.039245530075213975,0.00903210568446856,0.004048427843833062,-0.029666275264516928,0.024908902705989538,0.023375991030919297,-0.02357920343026979,0.012942057119247388,-0.017019319555213935,-0.02286922938729676,0.009223377333253359,-0.022315892705031887,0.025260770468020215,0.007215789366253151,0.011861069823543523,-0.02303634344979302,-0.0181790544644655,0.008309902985525284,0.005448648581653047,0.0031515812714814477,-0.0014210967934700186
649.4339,[M-H+HCOOH]-,-14.499975860862113,-0.5116323925446931,-0.33044222477727475,-0.24208844540823202,-0.0415040202158741,-0.05048961771348789,0.37602761494591125,0.14614943811606537,0.14246067340826846,-0.011120633469055221,0.04362110427833896,0.022926601157053913,0.08489247572023412,0.07852614696801256,-0.04124415088576588,0.011139545658289894,0.033565653634250646,-0.016394659396669967,0.039042888493627685,-0.0001102962320062183,-0.028469198729804177,0.07672428112794288,-0.020127686341176974,0.08764122199736041,0.01772115431167947,-0.009722314337476825,0.030890045147440415,0.022929842545081,-0.01476497282964106,0.076073984935868,-0.04792243198774952,-0.024863409487797153
829.4942,[M-H+HCOOH]-,-13.5000339044746,-0.3506499543096513,-0.3134113929850865,-0.11922562149753936,-0.014315802253931186,-0.13531809010547008,0.25551890670737104,0.009062831782585861,-0.06131011055651555,0.09503176397921814,-0.007481789545847267,-0.07008956312653015,0.00040341990674256766,-0.0074739159129091765,-0.004220014111241912,-0.016034129874310934,0.00786313537104471,0.016854523298501647,0.02984594986604402,-0.04866672734811737,0.013669751304983678,-0.0011503948667368204,-0.011566799768565632,0.017830078744757345,-0.013075745191843926,0.04329037673774698,0.04364881754619223,-0.09259871918578279,-0.013974703067710462,-0.010883222913614756,0.03921967238221012,0.014365621540727905
961.5364,[M-H+HCOOH]-,-12.500094986178446,-0.33796640944557,-0.13291398742986524,0.12845294907507032,-0.0955518419042623,0.004204844322070404,0.167361973789708,0.07487067631940976,-0.045410853368563556,-0.08340834033105171,-0.019191115283623276,-0.07941096901755779,-0.0035384401386458,0.033439186587306116,0.04973717274287037,-0.025533711491444226,-0.0033848847333683555,0.029288052788660774,-0.020859086613585466,-0.010441318468806351,0.0009029861847497364,-0.025758401327296527,0.005517404368016331,0.0037446779771452355,0.008239281569431463,-0.012503254734062863,-0.0059429884012962425,0.02818127872876642,-0.01752288103387843,-0.011082372125154312,-0.015371705793635795,0.013104990804684438
1417.6842,[M-H+HCOOH]-,-11.500312893198368,-0.02871407299290584,-0.005286027751738862,0.4284962637677895,-0.05219447044924316,0.014237479695054792,-0.10256447740033939,-0.04208062519392068,0.045247490882555745,0.037030494859354585,0.03138268752770653,0.052910547063084575,-0.014096618176068632,0.0028006084319503947,-0.0478747980753043,0.00028212812543176245,-0.010203155552995679,-0.002171241969947688,-0.03586093011411191,0.0099336954471914,-0.011314464421334589,-0.005340451052539066,-0.004170590657544998,0.009567524841164113,0.025830617155977016,0.016229643469097475,-0.026355957949647634,-0.011113691930373376,-0.016344831139532813,0.037692292899507394,0.016298449556043103,-0.00520264212249165
977.5328,[M-H+HCOOH]-,-10.500022240611568,-0.3182934574626979,-0.0795347610353243,0.001740334856524336,-0.07033782743484815,0.2481788348820654,-0.10031392326346925,-0.09280393264597384,-0.11176950449686235,0.005113030632688812,-0.043440825915722604,-0.1275698943689296,-0.05543497541263352,0.01534188516812415,0.06456329919709616,0.011211642378040248,-0.00862738074148801,0.007993474143261705,-0.04555634164798493,0.00820977320398821,0.0021738210208347626,0.02042682626117786,0.021698287753455753,0.05000663312628291,0.0612516381334496,-0.005947238881145519,0.04097360286162858,0.028485542779352006,-0.024086313568468572,0.004068899874201932,0.01682325982765783,-0.0028678256555857247
1195.6111,[M-H+HCOOH]-,-9.500132490998356,-0.18863611216572196,0.44385320375589793,0.041579397892348616,0.14908417554706127,-0.0009844639833593994,0.03783349633454946,-0.028184971314542374,0.02295458103087213,0.12788830798161133,-0.08075183752764402,0.02244104213541515,0.043626486323955084,-0.06040850275867097,-0.0396120400235339,-0.05383927960363382,-0.17917536491595673,0.06726892594586358,0.09752716949554613,0.06808687962709051,0.004201320178084308,-0.0014906440474435406,0.014799174770390564,-0.015910136066253338,0.0039018602643566447,0.04363151176593918,-0.030692107431508388,0.005989625469021823,-0.0430633744039038,0.03655272304656679,0.012119987581068421,-0.010770471287488684
1191.6165,[M-H+HCOOH]-,-8.499974794127414,-0.22540114700961858,0.563469243379024,0.0005716219604112766,0.15540660796085365,-0.03228078841381385,0.011400467616956275,-0.11646099932512874,0.1858000295099247,0.036250757509938863,0.0016218102309529965,-0.11495995656927332,0.03647861044809518,0.03600389246991456,0.021896823704712815,-0.035969428410344534,0.05070608447458602,0.04362825517095151,-0.009798478087581332,-0.012996469751740262,-0.013331463269036378,0.0026274585561465893,-0.037418367934506105,-0.0011347313928670593,-0.014919898967125688,-0.012727901292379041,0.0001909527400841013,-0.0035425719833333522,0.010368302236613095,-0.0012838260068341715,-0.003202325514659658,0.0115484478956923
811.4842,[M-H+HCOOH]-,-7.500123957211602,-0.43393163905428594,-0.18500418721565537,-0.012718508903198025,0.0804043554243241,0.16165706662889837,0.07570957744000259,0.07190051306177603,0.17594276314485616,-0.21748106868500813,-0.05708421944830119,0.006233806233444663,0.15459583908172028,-0.047563629607925074,0.026962644865327002,0.04840804783028627,0.037567982759906846,-0.036872897079558875,0.06004035187256857,0.07617885568615827,0.056557451041061614,0.03162771028868203,0.04853147141959398,-0.08280446432643665,-0.011912559122332435,-0.03886746207620829,0.035275563716204404,-0.046375351613211546,0.054168429186145214,0.05922418336658379,0.038426519163945995,-0.03349852140020688
1093.5771,[M-H+HCOOH]-,-6.500214232114954,-0.19686675187832867,-0.13838728225157465,0.2814995802705604,-0.049818634574872095,-0.03798531891952163,0.04019708964398049,0.03462673245926886,-0.07554967944145043,-0.0050383441191866295,-0.011403657811463257,-0.019433083330540054,-0.0030953849493175257,0.024340868176469473,-0.01472373653731301,-0.036513759955796525,-0.02487081761717373,0.03485178818317822,0.0033794920382048802,-0.024591188180307918,-0.008500205151646664,-0.05370568651011184,-0.019732095285417108,-0.05625102133712151,-0.03164402557581388,-0.010227522913697305,-0.009181694104503304,0.007384164821964256,0.033011257982355525,0.020203695407108313,-0.013043549840477633,-0.008945456224572608
977.5305,[M-H+HCOOH]-,-5.499470183628186,1.8976795741188992,0.012846666842316095,0.00729360190541198,-0.010564864967026834,0.021018316494945635,-0.08588991246558704,0.2670037674067362,0.13091284743718273,0.001927146376402391,0.13299362848194063,-0.10567921348743206,-0.20482322253288007,-0.17120440654603566,-0.017466451619951744,-0.1582471150886956,0.06301362820314751,-0.14820592310616268,0.10453258942856895,0.06867146870840175,0.06993066509958913,-0.06268810538631621,-0.070650292950153,0.036631225503169045,0.012390809254110785,0.008500971030261381,0.033274929061510326,0.009617602527765536,0.006821130786034549,0.007112170747900557,-0.0007296815534238033,0.006315375045233487
1163.5847,[M-H]-,-4.500256215776446,-0.15197860466185337,-0.04552778639418701,0.3448077409578611,-0.036294015468100134,0.012793450704805736,-0.048733525235601115,0.0010728209784605061,0.05776436270846051,-0.009700270506098818,0.035749487451723766,0.05863897194679209,-0.020848046019790366,0.026549867980191967,-0.040351559353817575,0.01624426057973681,-0.006728786993228026,0.004663387152462568,9.44329763674338e-05,-0.014519075484241526,0.039665298271375965,0.03229674113389706,0.025213561607835812,-0.009793366939839804,-0.03603827549261576,-0.017407356658896558,0.053391039714158324,0.007986950099975644,0.008390223127775601,-0.030273990503380453,-0.012087878549829031,0.008159425393220624
1123.5896,[M-H+HCOOH]-,-3.500213193146061,-0.23854581104568615,-0.12982434239161905,0.2572314110408294,-0.053185167836517756,-0.03654389164917533,0.05551270529813122,0.030058856456830686,-0.04904861066468801,-0.03406686900350534,-0.022222471282818963,-0.03814195702389224,0.0019188532132661516,0.008764887415427618,0.023588706677336577,-0.02090264527286106,-0.0022714386317506797,0.013529803429667645,-0.0012180970629455958,-0.01702754123671892,-0.0225348611855312,-0.031217799635804438,-0.0133562944786383,-0.01685681598927088,0.007286261161608037,-0.009754387172190043,-0.0008608346646155048,0.015447306212553365,0.017816466760817613,-4.182685224854732e-05,0.004875336794354333,0.011614837507521455
815.4789,[M-H+HCOOH]-,-2.5002494489468026,-0.3871750280418486,-0.4111954385604955,-0.17374858090455803,0.2950279486804511,-0.11667615201651493,-0.21639462064328055,-0.05026464246792802,-0.007796988861124946,-0.0525158963726015,-0.04515325711743112,-0.005733845710343506,0.024500529289006073,-0.014663736575891385,0.050083274662856184,-0.018698834959413303,0.045781072550765044,-0.015362802468905956,0.061487040302805794,-0.0255954871876282,0.013577013065086806,-0.011982487244009672,0.050537137591254215,-0.03049248940105867,-0.025156497074825746,0.013934165387675463,-0.010296933855927608,-0.02179200203792118,-0.01804945813600854,0.025217401863292046,0.0012242084964159178,0.01729466367353938
665.4273,[M-H+HCOOH]-,-1.4994918003023805,1.8265491820195598,-0.0536731184184648,-0.13069721885112678,-0.019863236754479912,0.010585262884573753,0.06271429298712981,-0.15126066943030814,0.012135724657035912,-0.14396009708965804,0.13613363767983858,-0.04227835221336661,-0.07253135483201716,-0.1977637337732386,-0.054241510829152,0.0011974474326797914,-0.029364011914363476,-0.0038473957830111112,0.020183224440737432,-0.0350093220781756,-0.03796096830741159,0.061276415149858834,-0.029481364359187252,-0.0382467935398861,-0.01440756974144939,0.05630802978802801,0.013930654352314189,0.03474614599814072,-0.029673808132367797,0.016109461602023582,-0.0009387375050229875,0.020474601369726276
1025.5571,[M-H+HCOOH]-,-0.5001556213714868,-0.2998824218462518,-0.13795315000115047,0.21089158481874876,-0.08671667872794048,-0.006831985436362756,0.11170659357726051,0.05505565286575066,-0.08311054005556659,-0.05454405444462928,-0.006535078975441717,-0.06361126757669465,-0.013789760118392657,-0.007238703661627585,0.016440995150137635,-0.03462305301626174,-0.050460884556495736,0.025219921300556863,-0.01872737814560804,-0.015523517320935949,0.010050623488568737,-0.06474842642447355,-0.011635063355165953,-0.05213901416230814,-0.015716576848797417,0.0005993417517451474,-0.0007915464788635212,0.0011661192351767316,0.005257207607230908,-0.0003999687361904072,-0.034417530302289105,-0.02050097358446321
845.4896,[M-H+HCOOH]-,0.5000258543213717,-0.3666176942549522,-0.24048676455062817,-0.17344713384353183,0.0364334511304317,0.20590803576383185,-0.05739582841137082,-0.09146289620109771,-0.13228686336226372,0.12862794076509734,-0.09603487457100511,-0.07696652786507448,-0.03745400373676114,0.0038009644324833716,0.025066794097517744,0.018100848059322796,-0.004371729002117048,0.006249871130632332,0.010339159856497982,-0.05410287136715816,0.011343767854283088,0.013474067165287238,-0.046551788158238384,0.032646348934406655,-0.005816574278683676,-0.0321102112951642,0.07548728866785931,-0.07406789478704738,-0.029652843792284327,0.021992783882389903,0.02927974676975504,0.035888018028817255
1007.5418,[M-H+HCOOH]-,1.499811844420757,-0.32018399008011866,-0.09559863079950684,0.17852851584460075,0.046481467523968784,0.10143453898193269,-0.05222209923421556,0.09338998431637321,0.0098583828767384,-0.18881709343057973,-0.07901722753457613,-0.08332587780773336,0.06535668997514865,-0.041861069104175606,0.056222273020367086,0.04555661512848684,0.011020935691977086,0.008926266806543234,-0.004317530063598593,0.07266342576559787,-0.028931417114711807,0.04642253989014655,-0.02934963920696822,-0.029963930365788337,0.04240232157485286,0.008868516729317088,0.027284196939459663,0.01709638744621776,-3.162732003773588e-05,-0.04257739136912156,0.00774087506652044,-0.04417088037534404
649.4322,[M-H+HCOOH]-,2.500340477352573,1.7394583270959503,-0.08028251451419108,-0.1424756212719557,0.03956461695316161,-0.07466290171030546,0.1575409175627408,-0.44514443158541167,-0.14565839117062815,-0.13931991975305258,-0.01955761899170451,0.12531126983160007,0.06292441635120989,0.07472254376476963,0.03342617835447566,0.004573125740381063,0.0257276702694805,-0.02176226066325475,-0.004667217541593607,0.07478860413851535,0.07921227742379705,-0.04075854426850946,-0.09037578180122563,-0.007506020971334832,0.018424120173806485,0.06038927686718062,0.039166487972447685,0.03168307382005539,0.0044687402900437075,0.02202798658943399,-0.013257964181929012,0.03484604977897102
961.5369,[M-H+HCOOH]-,3.4999368865964646,-0.3467711376826485,-0.07813437810225857,0.15229916078975061,-0.14394164542688156,0.07574817715106845,0.1625301607155384,0.0361374812605571,0.08278092216455954,-0.12604204963154161,0.055199897367962866,-0.03249592031023067,0.015111586501686513,0.006953000492245563,0.025294552224433862,-0.0030306668414135,0.023634257584640734,0.012908923935912895,-0.04134472274537071,0.05318422825734458,0.022667753554466513,-0.036455730098677835,0.07429482570400545,-0.01918364103301707,0.04127479870171987,-0.042436239223320155,-0.05118922039610992,0.058418936383662134,-0.04250241411319424,-0.013568038329182446,0.01252714376237484,0.0641048769706809
1117.5439,[M-H]-,4.499754334986332,-0.16621295844390913,-0.04790380020274311,0.3266941937297747,-0.04429846292917913,0.020941661711304245,-0.03848182868562983,-0.013664367837274134,0.06936105138834944,-0.031113281773049506,0.040753584853944,0.047209233401223946,-0.0408715316988418,0.032339045997057406,-0.03296904954072185,0.008997366533160593,-0.014715292355172705,-0.0005809679674164044,-0.004672597647853698,-0.0089629285979071,0.044710258260105606,0.029199856945885904,0.04235685108360329,0.005249826665348739,-0.04394805884652889,-0.010442915362382559,0.06369813579543498,0.008753020104798004,0.006239665056411044,-0.05892630915127002,-0.01930659203861457,0.009389097469250303
853.4943,[M-H+HCOOH]-,5.500743998530843,1.9670762951434662,-0.04830045502452017,-0.11703288247922013,0.013101395440119757,0.020549717414801265,-0.03904946365898232,0.12319101220150089,0.031723503755387655,0.07567260252324762,0.0012968838497592994,-0.10639031491041312,0.03997122183782059,-0.003255224978557077,-0.07984981728330531,0.09987991898517877,-0.03047512166190232,0.09506620075500515,0.11352736913929262,-0.1437416311611566,0.1555870772169592,0.053299362578455585,-0.01100613268171112,-0.03848358221577671,0.08443859732950731,-0.06387527887245957,-0.05830749364612533,0.012948079807027873,-0.01464592237546506,-0.019423192749348405,-0.0258558243369035,0.000906775277374336
943.5256,[M-H]-,6.499831334091935,-0.3240534427961266,-0.09901009343663938,0.15047178452901375,-0.09694001962917807,0.06304868309575876,0.11423948792443119,0.0007067494262575656,-0.03610304830722565,-0.10012540328231899,-0.014825097637029036,-0.09134579428480766,-0.052502082090115525,-0.011381535815581328,0.06038089545168095,-0.014650337391200377,-0.04173641130066013,-0.027938572980150005,-0.03872580904731513,-0.025865509302473656,0.04100983827445181,0.036820425050333214,0.01435092794527859,0.03698609869001235,0.01977683907008858,0.07903088592444822,-0.06884587182102657,-0.07374998043266613,0.008131303853699881,0.004329524648971269,0.06437582184967208,-0.027693849617560645
1239.6332,[M-H]-,7.499640710213489,-0.09867973990746792,-0.07469551471909114,0.3894413494371916,-0.007326794269555216,-0.03076210786976384,-0.07661959111692117,-0.020662520609407015,-0.0038269088219027663,0.03307632956579838,0.013188228449600678,0.07613223351317482,0.014097866462834875,-0.010846715846584639,-0.02623272060890628,0.023074596090673936,0.025467494128183468,-0.03393158632136977,0.014082262664620022,-0.013374343129078458,-0.029738321462034412,0.008455949368120594,-0.03000408546192595,0.037327727525945466,0.007324574291899335,0.014376476987393316,-0.03612640396858644,-0.02557294420534198,0.0009115984365798354,0.014617595233907491,0.008479289381417378,0.001492297263206744
815.479,[M-H+HCOOH]-,8.499740520911606,-0.37828430683960496,-0.4034545312029057,-0.1597964395851467,0.2953902978582715,-0.13019628957204055,-0.20008245190143686,-0.06667892459915913,-0.006149937923022003,-0.04487399706252388,-0.0462223955246724,0.00827220758766902,0.027436332540960878,-0.017095493820882057,0.053135581140711693,-0.02437708132184445,0.06217070880418759,-0.019424218020447737,0.06907058429000423,-0.02595747553366475,0.009008168466291122,-0.017636455017109032,0.0735312836891822,-0.024626749916428006,-0.015319544671892659,0.017624144986017033,-0.008918454505267572,-0.01798134800226964,-0.014139290317731411,0.015674963299321224,0.009018855422574136,0.028353093750469533
1007.5412,[M-H+HCOOH]-,9.499835035686027,-0.3133935040304431,-0.1464935934210711,0.21331546304006008,-0.06379487099369635,-0.0036946086152601977,0.11554001302548059,0.06276457388557462,-0.07850981864833348,-0.05888914505361321,-0.018000144417634586,-0.06156208073470582,-0.017891771302176323,0.007031359687651651,0.026939813711950693,-0.03844384234882909,-0.04669745759818268,0.0348786524760048,-0.011241436252432731,-0.011892893095852695,0.010097631780119814,-0.0463446170228179,-0.017451028870369385,-0.044322546478242436,-0.02153648868221197,-0.009634575036374129,0.0021392183312407974,0.016325889039476484,0.009374298360699331,0.00427919469555991,-0.03018827426947085,-0.016166504945537383
863.4991,[M-H+HCOOH]-,10.499983061694685,-0.3444607982879997,0.5607223034495212,-0.1416805916005985,0.22013696892947995,-0.01698287437781001,0.0590078275258988,0.08063143772062997,-0.1644007275086995,-0.04269461351483667,-0.027603190423047975,0.09487700652945674,-0.053432758358760185,-0.09114080779830022,-0.033054019473155165,-0.0025676175741745997,0.04755438047995322,0.041047594091843574,-0.04708882316507412,0.04099262466287645,0.011626106663995824,0.014759216059660709,0.005596582549132506,-0.022557216176858245,0.034143264489295014,-0.047325687626440224,0.017177767270112363,-0.06865987449063245,0.018294902170033923,0.014928060577032611,-0.028820423187428636,0.03138050410709529
831.4743,[M-H+HCOOH]-,11.500538104395757,-0.3139045606225561,0.20936007260367956,-0.3013760865164491,-0.49506751951801503,-0.06245763399959366,-0.19086376526283047,0.023464703335309544,-0.09759942013698959,0.005655587357720211,0.20915876164250788,-0.029540162343840774,0.17056812969602167,0.01070187288851595,-0.015758039106817476,-0.07369281975855849,0.0005553583834987765,0.008858629819491246,-0.028341756276067557,0.01299873331067696,0.025415888011533223,-0.001970098440970592,0.009529558683023166,-0.02205353175989253,-0.023611421856805242,-0.013452437498568816,-0.0019491649550644266,-0.02756494419082769,-0.03381552068477183,0.008312411672111674,-0.0051893252978446516,-0.003913784393479939
1191.6165,[M-H+HCOOH]-,12.499999990904861,-0.24682006952564275,0.5384766295274922,0.02408258675242259,0.15783626718212387,-0.026219072646058654,-0.006038251543540504,-0.09589834829109388,0.18818049158618513,0.026179478493197388,0.008844143110109354,-0.08691950805415417,0.017881505776634186,-0.004667543034855408,0.022710130676398085,-0.0013278501110331,0.014709197525978913,0.043446453903059616,0.006985218181325848,0.07186611556706804,-0.008811598617489367,0.038658498212489886,-0.027930671781616966,-0.010216848937492574,-0.004344342594895751,-0.04924771443277852,0.03084476351986141,-0.009340980451452435,0.03449255527438653,-0.04735244615497227,0.021559067237085942,0.03175765475682901
1163.5833,[M-H]-,13.499719844917317,-0.1632329966855606,-0.06741834412932202,0.3636658752720428,-0.006815761932722256,0.005184063115684909,-0.05600674806911182,-0.010508877622883276,0.0620208407419055,-0.03473963762519494,0.03929680150974183,0.059782449033992616,-0.02885642479976273,0.030342552725835366,-0.03560373469856427,0.013019486344259742,-0.0030620396549649836,0.006220796547583761,-0.0012296540478686031,-0.013557669687984981,0.045425837455485174,0.03974991243922809,0.028753196029537683,0.006583691340364158,-0.04823337098292751,-0.01311008733827168,0.05557289365018331,0.011398800227920235,0.01220109646927594,-0.021849364121288614,-0.008577405421365902,0.010776463994441935
1191.6159,[M-H+HCOOH]-,14.5000015548044,-0.2230129913968128,0.5531806783167987,0.008504385159225324,0.15726276781866197,-0.048581847841201224,0.011506763918081937,-0.11804915063368439,0.17489773433846983,0.04610824799598735,-0.007596334555567214,-0.07979145798974781,0.039266373077799344,0.03054419125325829,0.025114583777911866,-0.04786509337455683,0.03891095260905425,0.03389232494446883,-0.0009687211913365136,-0.017207028051076663,-0.003900911995983693,-0.006156069085882259,-0.026657595796407,0.011909770135760726,-0.027012827706434005,-0.008081115929562982,-0.004074122079704211,0.01246382636553279,0.005159372999061076,0.007977214333616853,0.006906045941481908,0.0006738260977586046
811.4839,[M-H+HCOOH]-,15.500371520771047,1.801780370029112,-0.08184232051914081,-0.06045780727646705,0.042677994637171895,-0.04850722229378151,0.08862720461671611,-0.29510306711070383,-0.12949964497671518,-0.07007311541084761,-0.025915736708607348,0.10295620837788073,0.07177164767828272,0.0706277135792421,0.020636711355154755,0.05372382971573056,0.01790270704695823,0.010316551389092606,0.043441864326402874,0.03319172481944972,0.08590807556346855,-0.05894783298460974,-0.02077778835927558,0.0644377306456642,0.014738254645275055,-0.045579064452012485,-0.02266656104415544,-0.0036275375352495826,0.013102624346715218,-0.02719338301722703,0.009426805688426186,-0.05075441412635437
843.4724,[M-H+HCOOH]-,16.500009339739055,-0.3549372560912818,0.5428545691850247,-0.14861130191090463,0.16751168810277756,0.007808092075396334,0.04752328350722393,0.09461680209347949,-0.08221226486709772,-0.06652795271643563,0.024275656323851216,0.1145887552565998,-0.04402635705673035,-0.012140139998762975,-0.013082885288045082,-0.042155233547455984,0.14675310717390197,0.004251955402735425,-0.03586147900129209,-0.09033190447291323,0.019687990528846157,0.00763095068400639,0.019339418794739275,-0.0006052108761895711,0.012064901959389291,0.023986890477693427,-0.005917869047335522,0.06766979402455639,-0.005305399799084941,-0.02483920766732886,0.07292206673678255,-0.039703090579792114
1209.6267,[M-H]-,17.499637771101998,-0.10142457427806838,-0.08653751802547978,0.39595456153967046,0.0011098036956045762,-0.03788354408181291,-0.066899437465441,-0.017796523487169036,-0.0070265770591958895,0.034221762229952137,0.0182551099224182,0.0834564127307711,0.0136087561360248,-0.006846873816642882,-0.02865306186079289,0.039270459203870525,0.031060246171416197,-0.03485447476594153,0.005855866743686008,-0.009254047638363823,-0.023817658347787523,0.009770619324334337,-0.03003596249956923,0.03886883239551228,-0.0025255372969389227,0.009667542256919853,-0.02902013028840516,-0.007509570916895126,0.006945783094512661,0.015037782714679168,0.0035271046994812968,0.00670211372144755
811.4833,[M-H+HCOOH]-,18.50051322884902,1.9034438334719297,-0.05470750827162196,-0.08036517235414874,-0.010957663434225221,0.01751110476574105,0.04356451448969445,-0.11664329687187887,0.016873622129493785,-0.06773339030095654,0.07161679507492448,-0.027078850886485668,-0.04036511639946107,-0.14749985116022868,-0.0026003022765373404,0.03520065214592506,-0.037566897792257685,0.014961849317711873,-0.012280433391460692,-0.030780720455053395,-0.07070723722892677,0.04785750759660823,0.05841909884110278,0.010142984608190396,-0.007493549386505946,-0.057259022475518354,-0.021219904292301354,-0.013094082761651474,0.016741772146158674,0.012757480220428212,0.04475834701189169,-0.03702502402697078
815.4784,[M-H+HCOOH]-,19.50012819759248,-0.4177397558832252,-0.14821364833972994,-0.1981715718709842,-0.06169442054280172,0.3848492662777323,0.008467053288110581,-0.0737352929233533,-0.004759411443864566,0.1107295965959475,-0.0069539927709773115,0.003827223133785497,-0.035701164614149364,-0.0007094838870195369,-0.039336779831604496,-0.005316704127583006,0.024227523707094724,-0.015745200546975542,0.0012758791487285728,0.00994334853331476,-0.011162315397018818,-0.01096426230980922,0.0030173244174609747,-0.023486948604668517,-0.013912503299466587,0.00043765004778827403,-0.021545586644824713,0.03895449722765773,0.009744083588723813,0.004488455416734338,0.0045930265637673506,0.0008256005543738091
683.4374,[M-H+HCOOH]-,20.49984883308805,-0.5012930595986126,-0.44547287208116065,-0.2938507339980398,0.31412435955645424,-0.06559779337294963,-0.17646092930951846,0.005796185018744553,0.03943272677860638,-0.10222848026789183,-0.04482990360902039,-0.005089752987893769,-0.013609568231123905,0.018234807724746165,0.0590509589432276,-0.019683763831231188,-0.02791611264658708,0.01922884476757261,-0.02672660638081733,-0.013989993508966611,0.020668013795844552,-0.019771556972074732,0.030542507174380756,0.011767611642507461,-0.011739250498167575,-0.014479189955634407,0.026899708726488013,-0.006139336316413812,-0.014971705198337253,0.03385724918495658,-0.012318830271715849,-0.0001990549798956072
977.5308,[M-H+HCOOH]-,21.500612903251586,1.9387022618372467,0.00221722622513233,-0.0737911442323164,0.0438352513929768,-0.02055521407521712,-0.03161975854870894,0.19630797215858373,0.014412369264662349,0.1061819747989397,-0.08823017149765766,0.009771923079235,0.051877166543965375,0.1308017102357455,0.009014563193449144,0.02115945164945338,-0.011468250969692818,-0.014027327876785928,-0.0651286259470634,-0.0043439008805263865,-0.02964324862741279,0.09313684735699533,-0.015972552108978005,-0.11681879828263711,0.03707412959667878,0.13218481614640018,0.0326442466480087,0.02249748269025957,0.030870332895375174,0.0045957840086462785,0.01549758811441262,0.05254989165849438
991.5464,[M-H+HCOOH]-,22.499779027013055,-0.2871399302125572,-0.21846819657885647,0.13121017871188245,0.015993370299743133,-0.14535387794731283,0.059748947157356486,0.017407761330376623,-0.12221371501536879,0.0317325195226714,-0.019610131030150052,-0.03153608543482787,-0.004603238333640727,-0.022115056817104933,0.026184566558769266,0.003132958070664776,0.012595134318139916,-0.004906106953619494,0.043266163704258,-0.015175931228882795,-0.05204823450370109,-0.00400083341271293,-0.06259039910385884,0.020981412105315757,-0.0006181009994384328,-0.007307269707524086,-0.007246715854559725,-0.015495655528536986,-0.0005871432132010268,-0.02330614847148665,0.014474015954707459,0.0040536769623526
977.5318,[M-H+HCOOH]-,23.49979264447751,-0.28811527807243703,-0.2483379390605787,0.13555721964893447,0.022553776443438082,-0.1297448988547134,0.056787456684587234,0.02859268321173429,-0.1415766243997616,0.03744677041956676,-0.0056988733379958485,-0.029285446608745654,-0.014196747761793726,-0.015871604183249174,0.0011357802054778176,-0.018156328952017253,-0.0137128117410093,0.02502307076588197,0.056186913781655586,-0.02385283472929799,-0.024627649897893275,-0.027923241094412868,-0.07112759984083131,-0.015947968115209956,-0.04837689288225416,-0.0029425809328825123,-0.0036922031336962375,-0.018137520869891892,0.0159001922347671,-0.005361163472298088,-0.0077598975788207205,-0.019035001530510184
815.4789,[M-H]-,24.499923735931635,-0.3684361987103902,0.5622374199566567,-0.1235157942888903,0.268901895896083,0.0034016562959786265,0.06350146167185894,0.11166376916778085,-0.17045221429197266,-0.048536916376902106,-0.05016561498026964,0.11689589778139606,-0.08243766293508523,-0.062411838836341785,-0.025498680860596368,-0.017815674526470003,0.05262890753277115,0.017899233553770356,-0.0721925043962406,0.0033461171098779995,0.006511797903853967,0.012883528010513186,0.006789036158292398,-0.013221878584596109,0.03566571087701608,-0.026564882961384793,-0.009961636370416404,-0.039118581039232075,0.004350120081082783,0.029800253187556514,-0.05103129757941238,0.024778771830217115
683.4368,[M-H+HCOOH]-,25.500173558298773,-0.5343099174859738,-0.2457987584145152,-0.3205670607619721,0.015477579930186487,0.35358857990052783,-0.029558878021385227,-0.00021841169047341863,-0.0041600264571231334,0.06199313739735674,-0.02255810332761297,0.008542844227322774,-0.04549730188779304,0.023887533366256816,-0.04932390958853384,0.017386407016046865,-0.0015886815313597654,0.016855611565875145,-0.02175147575705991,-0.027433696528268457,-0.022795374428445956,0.012856622795271487,-0.0937099975996301,0.002982354707987293,-0.03771709508501553,-0.050285043442568185,0.01812203574470911,0.040187240930996,-0.020656899196199115,0.021168265333903757,0.0002489444018528371,0.04043574535158415
989.5317,[M-H+HCOOH]-,26.5003542385549,-0.22639790731391976,0.1239481766371489,-0.1646666595401384,-0.36396694540679625,-0.03563423930849841,-0.17292993249775274,-0.015142220561455009,-0.11332839747813087,0.021165017101131094,0.060039362215870626,-0.07580045821865444,0.122344098223532,-0.04424233944247,-0.027728086089779128,-0.07103200717187277,-0.01721103480428008,0.029944627643854877,0.04458565707952435,-0.0118841241106071,-0.013745404838133177,-0.015864250665988584,0.10046843007320207,0.09110600852804776,0.09631785405243827,0.04653432507016233,0.0437657517393018,-0.0036058649347311127,0.12420422107227846,0.005351497953350534,-0.052113451141666635,0.024037310600473667
845.4892,[M-H+HCOOH]-,27.500080833764112,-0.367075450169244,-0.10436815245406739,-0.13641636899997345,-0.08104492779528706,0.35983680975851556,0.024064233521960843,-0.05779195084215612,-0.017123365875836953,0.08738426632964659,-0.04670316820552667,0.05355345500764571,0.02172405987013141,-0.042692738242363804,-0.022178210044855647,0.03667365049843266,0.04183928687134901,-0.046458124015041465,0.04779092896338844,0.01747921974273413,-0.016066269615454022,-0.02726521985140027,0.028417577964236832,-0.0004954257187398045,-0.0171278602147156,0.03875479865923544,-0.02107380566850063,-0.05226934957720665,-0.002231992417741941,-0.09070895223845311,-0.02852674513823194,-0.0014346124685266357
991.5473,[M-H+HCOOH]-,28.499837929395813,-0.3397825246096452,-0.13683702869421613,0.18033048572053753,-0.07172068197311927,-0.009823934508165186,0.14664636221150792,0.05050808971228947,-0.04676722438490638,-0.08009576203078898,-0.02931363469911368,-0.06542893381181797,-0.024750531662837826,0.010049626814640583,0.06195849979463269,-0.028024949495562276,-0.021405584529575066,0.006238364803209656,-0.01594070266821413,-0.011404518629701392,-0.0066176160607458005,-0.019824849441765137,0.006302085263420277,0.007572125612764775,0.01740349244419364,-0.004782269414747754,-0.009446553152235049,0.024663841092686108,-0.011547632275916318,-0.007915051557887944,0.0006678061825138699,0.00620860236458585
667.4434,[M-H+HCOOH]-,29.499881936296866,-0.3996973747465086,-0.4591710043590828,-0.2662079769494298,0.1701676406102033,-0.3339945404639102,0.1203048720265155,-0.0364563336648705,0.009742433897146978,0.18784358594127606,0.10566000595042178,-0.022951206958661506,-0.10108007860475318,0.027225386204461494,-0.05352189033817893,0.024006178397722008,-0.035901055880316314,0.006714353881368648,-0.0812889841345499,0.053268154748545904,-0.017274580085551553,0.025136963124218873,0.010764153838485316,-0.0031750168212894116,0.06110384658167518,-0.011961024746620606,0.028940366870617573,0.023185079238215663,0.012120592138940343,0.003953046567665849,-0.012227942608448394,-0.055996503645621185
1123.5907,[M-H+HCOOH]-,30.499749623439794,-0.23543412199750816,-0.13957025375030271,0.29073309942972403,-0.039285308875367284,-0.05661992768872909,0.05063299969767323,0.020189537737078437,-0.04862722766768242,-0.03329700838306808,-0.02120780183848469,-0.010949981096571276,-0.005012421564671839,0.013300415944262171,0.022837708659182263,-0.015012581113441413,-0.0015059168281269255,-0.0029417970414612766,0.0030821259991779108,-0.025225049980986194,-0.022552867852702642,-0.02305824788030137,-0.004760057443078441,-0.013405980890039271,0.0032012808382416427,-0.008083049612499844,-0.012246965764564289,0.025426819347416023,0.027707579005912114,0.0059707468279957855,0.010393901265543362,0.013229494083667217
815.4803,[M-H]-,31.50078158007164,2.05762104234116,0.014776605939516477,-0.02984251674311964,0.013770035240240931,0.016562257362913255,-0.06734802560202367,0.26865466929544496,0.06355201828073372,0.10702022614076154,0.016207234552397157,-0.07343416253324533,0.03159240639423921,-0.07143882348791417,0.05258444160213422,0.254967796938051,0.06463414618936784,0.114989561630061,-0.09197048853975788,0.05444067974882178,-0.014018332764338812,-0.13562956805977044,0.025271413487390593,0.05720988700287512,-0.07365292061096283,0.03824270626137923,0.0110155127969408,-0.0023615264855516337,-0.0005080189581301594,0.027871325052765655,-0.0005070054534929601,0.000846949960591522
667.4421,[M-H+HCOOH]-,32.5000070438832,-0.514663868766553,-0.32595531861283183,-0.2074899676053786,-0.020137168521722582,-0.048091381341707214,0.32333925070602054,0.11688093478563265,0.10604821801067855,-0.004166264476554415,0.05260089872087151,0.05258968145880473,0.06440032498354249,0.014500047280452517,-0.014953726448650707,0.01519598634455676,0.02949004010078607,-0.010511772084305841,0.023338852912337418,-0.005255694138585498,-0.019600262175638476,0.04953963004648067,-0.005030748431489576,0.0785595794167987,-0.004854663186204447,0.008189762950562094,0.005299886614197214,-0.00019531885172572455,-0.03175538306002794,-0.020231105013143392,-0.015246289126299375,0.021935843340065864
1225.6189,[M-H]-,33.500505633673164,1.9065192260408987,-0.010146472237994836,-0.0001862405524006275,0.03461208878619896,0.04934655357217888,-0.047005898371187224,0.16547164335506007,0.007123347871852509,0.07094716998464777,-0.10480031776650715,0.04322546038820455,-0.005098075988022775,0.14322756106836976,0.042678533622939926,-0.11287169276129719,-0.026996305689154218,-0.050380030497167896,-0.01983422982144697,0.002622107192638464,-0.042567230384704384,0.006228661745358617,0.03858454321302267,0.02444347633778757,0.005145963642465689,-0.0540327497776042,-0.0216978307616515,-0.028019351884449078,-0.0013852749281182926,-0.01006964468206874,0.01431360647357701,-0.02604032068832419
793.4374,[M-H]-,34.50024432933585,-0.34868694269585554,0.21211576945999522,-0.2684892205746461,-0.44496587557629186,-0.18867669615715163,-0.03616831060059103,-0.008437465875735012,0.06946660250506335,-0.10320253170685871,-0.10603271107658242,0.011854059159725313,-0.10576883772373924,0.025748405635771545,0.012195603568392896,0.0641623649577346,0.01050326122989237,-0.08616089574606316,-0.03165868413556386,0.0072366790739433,-0.0032193799614332417,0.034448519380148535,-0.00988483422136293,-0.04123516954188853,0.004362001047295903,0.02425455964475499,-0.026995608538852224,-0.018179936895996632,-0.02959564542448072,-0.008978935782261317,-0.05706000629958298,-0.0331077178864379
1255.6307,[M-H+HCOOH]-,35.49969713962272,-0.14459084285877405,-0.045642442761200955,0.40522664795035496,-0.04287571035562979,0.02310081856582112,-0.03465304224669021,-0.035220894875264724,0.03448400449235991,-0.01670197129811149,0.029310795519181063,0.04921942184584608,-0.029724788084448034,0.007727153407385222,-0.011011410925212111,0.004422134825837903,-0.005392954505569792,-0.011554799821700764,-0.029614320844381016,0.004908818855183268,0.005049393368327031,0.009838334313439745,0.031267012674904976,0.01249618334364521,0.02164711745383883,0.0017225692896857129,-0.010660083319177597,0.016727466575003336,-0.003497606873155703,0.014994542825109666,0.02326159070149678,0.0067298627467495065
1221.6253,[M-H+HCOOH]-,36.49998650108496,-0.21828211862803576,0.5424930154228743,0.03925447227438875,0.1717578961783812,-0.04118279721212987,0.0023651091587357253,-0.1383384125985616,0.19139592986169945,0.04896648932234659,-0.009610039716588312,-0.09375371711178276,0.0303153978881222,0.022965240538750695,0.0234195275112256,-0.04755728979948918,0.032779289571360594,0.031914491600550286,0.0001596881408413471,-0.016061048519913232,-0.019130033134494837,0.004157649335851875,-0.036498095496205626,0.008100515098947082,-0.014425226864714423,-0.0058495968286170555,-0.011415792202956397,-0.0025070831814684013,0.01095082191432209,0.005690132639449788,-0.009069292242780745,-0.00013031064311439653
841.4954,[M-H]-,37.499922315630045,-0.3386791345474712,0.47532351864276634,-0.025801528357072653,0.1830721026181603,-0.03260430173935693,0.005386631170874352,0.04945999586431313,-0.1405552458682099,-0.0159740931200193,-0.002094051487943183,-0.04297730757633135,-0.006175547702499738,-0.013756226020366946,-0.043932836416307665,0.08970224911295557,-0.16031805035179617,-0.10352074020820198,0.022931357620937863,0.09847307328255603,-0.011650942421499022,0.015998437883231742,-0.00513560769322132,-0.012365016075359031,0.015013389194029442,-0.05506652234542171,-0.04488300072075611,-0.026325278360990644,-0.029242621784840942,0.0028870054075475545,-0.005546938749672819,0.044256589155610634
829.4941,[M-H+HCOOH]-,38.50009537521443,-0.40939160535829544,-0.13223511503608626,-0.1706087781440771,-0.06483574059300827,0.3728371258697402,0.008947534973951276,-0.08100931616580953,-0.0011870517427487017,0.11090691187219616,-0.022387151089864228,0.027266169425986635,-0.015590061290703583,-0.02278698130451948,-0.023462774044346758,-0.0008479664116304715,0.026324036661455007,-0.03991821114603344,0.013941944499919583,0.016777968282612705,-0.002743291079764006,-0.0006367113062103879,0.01354447891958993,-0.025788014761832727,-0.009063659089934208,0.012732638953021666,-0.04083903583422267,0.012792593277081262,0.012404111041436924,-0.009941272014325223,-0.0044935745090338465,-0.01729044100880632
1093.5795,[M-H+HCOOH]-,39.499760271583355,-0.26241503968273827,-0.1540884105925782,0.25869327871402636,-0.026618093312894064,-0.07767793630381994,0.046733471198838285,0.019447057088524025,-0.057286250672359554,-0.030451010388389325,-0.016461385767271138,-0.012226082572125565,-0.008621269615150355,0.010555998160642769,0.03040627733165288,-0.01860698988580447,-0.002443343532431238,0.003815554776834925,0.013630426479899654,-0.024251600677304128,-0.022752317140807776,-0.013365992029251452,-0.010118087860314597,-0.006157283008067637,0.002278659309874723,-0.017455304162076204,-0.003845940936268427,0.03173665302536864,0.02695023217281548,0.007376777660902728,0.02007926021514359,0.015211828755994763
699.4305,[M-H+HCOOH]-,40.50059639857851,-0.3963769648929891,0.19040712366610327,-0.3799743968145129,-0.49287171156203663,-0.11267400929669741,-0.21203007139622615,0.06824773440489659,-0.14878061839176457,-0.04095211560402912,0.24145896422985327,-0.006160834066568271,0.17430755130950762,0.012546145918201187,-0.04150703472437338,-0.05212634377968014,0.022289939650180828,0.02672726598067191,-0.036859229716488,0.027333442314644213,0.011499858676026757,0.029382463870898493,-0.048915497915280985,-0.02085496745516256,-0.053379558219904685,-0.013487032532851287,0.0049190044234868335,0.0019347617157745175,-0.05333777703841543,0.0039562146101210635,0.03777981662067417,-0.015416488632498533
1195.6108,[M-H+HCOOH]-,41.49993953262058,-0.22489641473588143,0.5588112232577308,0.038712267171106395,0.18598959615365565,-0.03400589899153939,0.012070532935910384,-0.12231916447222792,0.1264529671171536,0.03685064801947743,0.0008663992697167539,-0.07277402110655477,0.03410331256391807,0.008025796272144219,0.013182451104042467,-0.02596628622513617,-0.007496968303697234,-0.011145013595707054,0.0035663516090613224,-0.03171466090399382,-0.02159331841796584,-0.025023219340232102,-0.008199558796731643,0.008565564681606293,0.014172001523887773,0.04103553177804071,-0.02379199978625115,-0.011895585058619583,-0.014203347589574429,-0.0009750614110317064,-0.02345541472297686,-0.03074680444264448
681.4216,[M-H+HCOOH]-,42.499836091613346,-0.49454339376566664,-0.40942707928122596,-0.30097832627737997,0.3316273558298102,-0.07624600670115382,-0.1688625184959391,-0.0008152392129978153,0.06744755852330933,-0.039573457619136485,-0.058214139290315256,0.040278505839051716,-0.04908294916566276,0.003423166279536435,0.026630963502813926,-0.03497367562795769,-0.04432238109488288,-0.0001328667863691196,-0.007299655568499965,-0.03624462997749104,0.023325128462984412,-0.019511923415509683,0.03820681543375808,0.0016753067533984566,-0.025412637581374395,0.026544271984495736,0.04644050183582316,0.016569365342470353,-0.04555549331834074,0.015885227737074806,-0.015338845363366113,-0.024523044624153736
955.4902,[M-H]-,43.500093270508586,-0.22771719078045102,0.19626269888757508,-0.1490455588551677,-0.38145075800362804,-0.20318242504899914,-0.05630605647393672,-0.06313377177396778,0.09014163145485765,-0.0009582366820715173,-0.18986873861177012,0.05915870409129609,-0.07972542041505863,-0.01099635813122293,0.012032905792671753,0.010606390219268666,-0.02380591945800172,-0.02919041657052035,0.0186283303523297,0.0008067997823503097,-0.010862440385283828,-0.017001661379757504,0.020769628586263172,0.01797616374252989,-0.00046785488657564886,-0.014895198900300943,-0.010063988123550178,0.028707705726257682,0.013301066553280073,0.022234487947540033,0.028412750304710296,0.0036806750790140926
1193.5951,[M-H]-,44.4996704856791,-0.1436566117888481,-0.04773376736443696,0.3899933683967935,-0.007987694807730946,-0.004645982652180227,-0.056355183818892145,-0.01902598787203872,0.04304695219470467,0.0006350332934419939,0.019866867724526272,0.08649263605120998,-0.03971025389123391,0.0073073326435231165,-0.0312173558286324,0.011621580026677783,-0.02891988381127062,-0.020395634093533965,0.005845069220519103,-0.011813811981909186,0.02832775675371564,0.037366839129853245,0.012545500780885881,0.0026614986482521256,-0.029158943084362628,-0.0044992538011360975,0.03448722890944552,0.0014467456100058574,0.008439168577707375,-0.024893387532771778,-0.0072482074479571015,-0.01061086263206517
