Observed CCS,Adducts,pca_0,pca_1,pca_2,pca_3,pca_4,pca_5,pca_6,pca_7,pca_8,pca_9,pca_10,pca_11,pca_12,pca_13,pca_14,pca_15
316.47,[M-H]-,10.150516772755157,-38.918666462736866,12.670024587234646,-0.2874158569357777,0.9506254210175582,-3.7768349104891366,4.630328890013724,1.5266751567421657,-0.8053773012196774,4.26474070063578,-1.7581396434358298,-0.42902743832850626,0.0033358467403841806,0.9159971732633843,0.8607538588753167,-0.2590750113534863
342.97,[M-H]-,-63.660529420892566,-1.3968395911124283,-13.980497870522159,-11.248433463138952,-5.402204031411027,4.44470573114115,6.644245971157659,6.189513364555866,2.415274168603753,-0.41308572500038265,0.45496949377119866,-1.9388944755927573,-3.221678220197063,3.832834438811155,0.1396489822351345,-1.143579009573364
297.53,[M-H+HCOOH]-,60.19527891506259,1.8497555674072157,6.525833798878237,14.343771708182912,-2.423705225859416,-2.6700443111293293,-4.51919286963876,6.3277429696941105,1.5163283355856272,1.2884393529421496,1.5265438174807562,4.5236814322281615,0.5084799343283202,1.6985247634785994,1.0467045124571828,0.6112125754014132
313.42,[M-H]-,37.95417133222344,8.476221661806319,17.280486391104176,8.776143369172477,-1.6691226587730714,9.218155360409003,0.054095344454713146,1.2763194300401282,-0.6751746711686882,1.4087248538496693,0.6995272940037096,-4.778441404056332,-5.269930996292733,0.09681307741685767,3.318736103051922,2.3176337104317346
274.31,[M-H+HCOOH]-,107.8500986099531,7.059876618307008,-1.935449864109387,-3.1208369584333533,2.9059283929313438,-0.8821475707082526,3.125232379731046,-5.712687461995199,8.799815652316893,3.744822315793329,-5.563133032487699,3.080649802615896,-3.057754441729511,-4.3196927807122325,-4.148430273806476,6.0443417396266454
322.97,[M-H]-,7.878962771563358,-35.01048825939581,13.527412238844146,-3.832996510253114,10.90754552118291,-0.9365236405297848,2.856397448065777,-0.3131679473091777,-0.20621729013542367,1.7202808990629368,-0.8954435793448909,-0.43626864974848645,1.400319560002902,1.1381656643667946,0.8802769092844863,-0.22591236815534294
286.76,[M-H]-,57.53588546190534,-34.54041537677504,13.55416578759296,-4.736580473005944,6.525201849256479,-3.9533575449024174,5.811515675621213,0.3215900096545015,1.58452243697957,2.255486840953965,-0.2907414466099254,-1.7856972905144588,1.7951093071885633,0.11006204543195275,0.6565062168036342,-0.18150382082066172
300.84,[M-H+HCOOH]-,41.60571514575811,-21.24226050960239,-13.866433908622081,2.2037710274019062,-5.7462848565133315,7.727869982109536,-4.967262907374286,-3.4314095712569546,0.6309895088763428,-4.769802548557851,1.4098208535348948,1.9064167942157244,-0.002102737101621876,-1.0572347500905455,-0.7877066747743144,0.008239666781362674
321.11,[M-H+HCOOH]-,-5.334155132210975,3.5375209544470514,-5.336882090795271,5.782656008463855,-2.380866444534064,-1.2814703917462937,-0.249812538447103,-3.2600248590907333,0.6785411793160989,3.9024795064072433,-0.8746331844189479,2.556470904401486,-0.9308461313516461,1.5690954970173856,1.1883228114556952,-1.7868205569843871
333.51,[M-H+HCOOH]-,-16.638539899387,6.438385217288267,-4.153315998875314,-1.4964759200066218,12.310738214738938,-3.883956001548583,-0.19913300073590745,-1.5049190685969018,-1.2844576471122688,-0.37243916693104157,1.980779984514987,2.936189077436457,-1.832898343786979,-0.7384262989537133,-0.28494046382459054,-2.18485955864482
365.47,[M-H+HCOOH]-,-118.68243219266103,0.23983015563620122,-4.464541172445828,6.6107847474220245,-1.2934523186022568,-3.6318142046929456,3.4138275855638165,-1.4194601471784594,1.697836466387313,-1.1601180026615763,1.7259678331112212,-2.307438777921252,3.0723323768383715,-1.5559711402744072,-0.420227927042615,1.8579888394800559
367.09,[M-H+HCOOH]-,-119.79044994922732,0.43296085510079113,-4.8596262349820805,6.707827905683915,3.383511513552467,-1.125279454103503,0.3318142549056739,-1.941920645293322,-1.559109175794871,0.03761115754631253,-0.1956420466306957,-0.052564454634539785,0.06085556928311144,0.14648737673849985,-0.14442984849315826,0.37002377962628846
306.95,[M-H]-,43.04366026379554,5.438931577816858,9.14097856934582,-6.441073943185497,-2.8982268565705027,3.0230036734514316,-2.0108940503033765,0.35782696432862976,-8.068441332880353,-3.4185321083820606,-2.9994955764667393,-3.552658579725717,0.8466510792817403,2.2586506270654807,-0.7565805637431587,2.176225530902168
318.86,[M-H]-,-18.446927266994283,8.101355748627824,-4.979366794734501,3.142480174816273,3.420812175348152,-2.9949292915200303,1.9874737670695617,-3.8277776082048693,4.5146563958528825,1.5398457346004473,2.7225019695723005,-1.7750658978384866,2.4345559226969438,-0.36570014861083594,2.6788321578216276,0.7446379094025634
300.45,[M-H+HCOOH]-,64.80923226972098,1.9924106526902357,-1.8417127829977544,1.637094883451564,-10.304254336025263,-6.045425613547883,7.934682361065083,-0.23088347101526266,0.46982683008550497,-2.336630852733515,-0.8147364107550363,-0.7251094647736684,0.5125196846481695,-0.6966660617367312,-2.36544248166171,-1.2002865033347077
324.4,[M-H+HCOOH]-,9.981239044012785,-0.2778406428648389,-4.761713243900528,8.319358509193489,-16.89967103381918,-5.674402956275074,4.570685420368462,-0.5411964739811896,2.0771336694773486,3.7110139466125065,-0.2930645827272108,0.8677518628705257,0.3238651432372445,0.2662647699840626,0.6932547156512499,-0.8652673774413232
356.51,[M-H+HCOOH]-,-64.05614763793689,2.1154027220785703,-16.06333321863605,-12.952375025976064,6.779122698154466,5.301308875055878,3.87465790045059,4.821611548225069,1.9131433825160453,0.35589727087230716,4.045011374970024,0.14886816271608327,0.07065444322388367,1.4201181878226161,-0.027125927710991423,2.0901960574443126
388.73,[M-H]-,-166.06780350518147,-4.138423239923731,-5.348679226510152,11.059945369199733,-6.868033153428574,-3.4552850655343326,2.232635414095695,-0.21438512447408772,-0.6920647923045083,0.8491359655137098,0.2585639714022721,-0.9507697472091469,1.2805673591137505,-0.7500370766077856,-0.21598286642538003,1.7804178877327075
301.95,[M-H+HCOOH]-,51.53898416970023,2.986083790094326,5.907347640666838,14.577212734419065,-0.13078036646267466,10.566457613254274,-0.9096280982397303,0.9395941458845245,1.4661761166224145,3.906857908036494,1.7483064803930104,-3.991068725230191,-4.006644962955603,-3.017916427729215,-1.3032890360445402,-1.1416973022348371
351.29,[M-H+HCOOH]-,-67.94237983829889,5.66830866089116,8.739952130666959,-2.721532229045574,0.9861537734507156,3.209362916015799,0.5494549179993549,-3.142134252551343,-0.09450205918382835,-6.137113816492694,-1.9255800153893514,-3.1649301573383815,0.7744470401959459,2.507268419013859,0.15933443023560637,1.0587275336133808
370.73,[M-H+HCOOH]-,-135.10585126689708,4.248320998199121,-5.434805744337592,4.17111268846909,17.902319730446425,3.2676456384287293,-4.488678124260478,-4.6607493525918136,-2.957706643449644,0.22908101438563247,-0.7772089805981351,1.6361473419748296,-1.193851246738113,1.4493194677192782,0.3506427173446881,-0.5515248498442259
302.62,[M-H+HCOOH]-,62.53767232076672,5.900589436403987,-0.9843204746882876,-1.9084860608689318,-0.34733291930447047,-3.205114492184302,6.160749804595756,-2.070728645250784,1.0689863481067965,-4.881085062753208,0.04795806502801014,-0.7323500775185775,1.9095039234234683,-0.47449476471712876,-2.3459208342820976,-1.1671239013281829
228.62,[M-H+HCOOH]-,165.88912413770174,8.205337663293555,-2.651396824013811,-2.9288033789053944,-5.501732982713014,-3.0216637261731716,1.1551957854464001,-0.2428287455902492,-3.752638086773266,2.351987613816816,0.29742781784049654,-0.6954138343136346,2.528624612133917,-0.023055343134482324,0.18920901706995483,0.7362452146809102
372.78,[M-H]-,-133.87070347126215,1.7611083890686763,14.28520815643833,-6.516367142428042,-9.903217812866323,-5.047075059123332,-1.0570658071453505,-2.476223360794774,1.8356129394094365,0.5276043796192575,4.77913565425639,-0.6986204213729422,1.5629513914258273,-1.995512864393991,-1.2230154754206752,2.216018078261955
353.93,[M-H+HCOOH]-,-59.80249142184646,-2.7832013657492793,0.12786735557030907,-0.1905026448820736,-0.02479749078082122,-9.211324035945362,-4.31901745439372,5.115541778658561,3.391958954986459,-3.133949709974101,1.2735659257380854,0.20174093532075932,1.3566255455818226,1.7860114768251136,0.0027178683319140384,0.9765650818668884
286.08,[M-H+HCOOH]-,95.92602220284613,10.77248493066046,8.026243007331589,-4.437531016406203,-5.546714385482081,0.7546983499112014,0.7803661274369601,-3.4182891431961973,0.46804454616214347,-0.827988854144127,-3.6101033208044035,-0.7347156459126059,-2.4163888694338826,3.7342043782022545,3.2913741417261067,-2.2593828852866342
308.03,[M-H+HCOOH]-,34.13260496614554,-20.671114453928432,-2.1884821448251954,-1.8645938135128548,-13.833309318201884,11.285123814117714,-5.895363608722049,-3.7830702322509677,0.9648977535555605,-7.397065593554297,-1.3101759775771287,-0.4081969439686269,-0.720507471047177,1.4876812802448611,-0.07995036413509918,1.1526222095867789
303.37,[M-H]-,42.89560333780943,6.267177310196023,-4.747602770449645,0.2359055840509234,3.2819654772010893,0.9288765616945498,-4.421754889136128,-2.06874182522452,-3.9708493447143187,3.8818728448257867,0.7084131670175912,0.6971270082561154,3.5148109445023232,0.24649657079925544,0.43965659234600246,1.3406354338076576
302.17,[M-H+HCOOH]-,50.516771186604075,4.867785901698885,-2.536969567752146,-2.3727079015908132,5.1887918030173354,-0.5342522652464022,-1.0827973726811841,0.709491166280983,-8.402351343154915,-0.7912689227982264,-0.27949593320348276,-1.238046755424287,1.565057285235976,-0.2862691843533393,-1.4643380573070435,1.031848598896802
353.71,[M-H+HCOOH]-,-107.85463879827309,0.7189095029092873,-3.8221512372752398,5.79599102515844,3.4985978253533307,-0.17137007628036535,0.2963663501079256,-1.5853881359222037,-2.81829994535475,-1.5005941447033897,-0.6729953536651678,0.5063570151726723,-0.29892264890271025,0.768283084564149,-0.3441777136129081,-0.16322030214380664
291.14,[M-H+HCOOH]-,114.65461944320617,6.126973364176692,8.734888574813782,8.329873238649792,3.4206580747252615,3.2281764587021287,6.347068404002312,4.291338628383092,-3.6298590871722514,-1.48149521493657,2.22349716290873,-3.6790240267951266,-5.063430085611528,-3.554471820231659,-1.2635702535042945,-0.10146396997510644
306.69,[M-H+HCOOH]-,49.672387713525815,6.516378490076931,-2.242104691460698,-1.2751173923250003,5.100536130407863,-2.9211243393218096,4.270337369573734,-1.686876282047468,-1.3630602026626224,-2.7799146745966103,-0.3951371101439985,-0.7353773058673558,-1.0888287601249118,0.23039530162445993,-0.9199197189064842,-2.018039277012504
323.62,[M-H+HCOOH]-,2.287026697462196,2.1381296671582977,-3.126249489030755,3.17404281650429,-0.4740402307720074,-2.744595362922308,3.08914748055682,-0.4817933643493244,-3.752959649559538,-0.7706648580717322,-1.862535355783005,0.6212956705875171,-2.880599885307557,1.0363315072885895,-0.7156663676074884,-2.0956134649150395
381.08,[M-H+HCOOH]-,-167.1758241836402,-3.9452917184760246,-5.743770299368087,11.15698154388209,-2.1910648581807552,-0.9487528774732229,-0.8493735297718543,-0.736842567746925,-3.949006830067322,2.0468664663696066,-1.6630454952406464,1.3041060356096466,-1.730907413555937,0.9524250570753201,0.059821270672481004,0.29245809074745127
313.09,[M-H+HCOOH]-,-7.605713127466135,7.445697383733054,-4.479493208499823,2.2370745644399936,7.576052759283338,1.558840846531311,-2.0237440695334987,-5.099867516155906,1.277699140223142,1.3580215492727534,-0.011936332540513513,2.5492310200528996,0.4661404215287356,1.7912649582060012,1.207842294597988,-1.7536600221143903
368.1,[M-H+HCOOH]-,-81.4010957913144,2.9974922412558116,5.9391656351328095,2.622225079119758,-6.947632390332828,7.530804046467701,-3.7521183400743667,-5.859116935387713,6.792274998118915,-0.21354175920354246,-1.7960666172555286,-4.82640479253787,2.2260171368660777,2.0157241476121124,-0.10415162690159618,0.06291720777850703
365.54,[M-H+HCOOH]-,-72.54093941958355,9.259037921546645,12.234715150509082,-5.970788892584665,0.3088144897790895,10.396588678616277,4.997299558549039,5.535510582703445,0.5369873808986922,-1.5428388675736673,-2.806245719355218,2.4466575999694413,3.628949730394398,-2.891272863705665,0.9292105260628953,-1.186042188431612
319.3,[M-H+HCOOH]-,45.42728278194119,7.905076666494573,5.602540935363607,12.844504586710887,6.417897640722681,5.660897889755944,0.9821930652377248,1.6279783561817343,-1.0090865712210115,4.035986774042671,3.4195267636977493,-2.4638332806023033,-4.551520034695629,-2.448105540591928,2.610982670565469,1.173257814078637
348.86,[M-H+HCOOH]-,-61.784589367783795,-1.7927752132723644,-16.920725879693254,-9.40679555238862,-3.1777966289452695,2.460999958434193,5.648588888415259,6.661454444176646,1.3139816920183074,2.9003533186883264,3.1823150760564882,0.15610758762294194,-1.3263313198373021,1.1979491154019537,-0.04664913971090119,2.0570382018201148
323.97,[M-H+HCOOH]-,-19.456671418639985,2.0279281855532254,-3.4518140648439717,-5.035187529373396,10.120056768516207,-7.940135814394906,-7.637915229181005,4.566503224746828,5.5901010491106256,-2.733512702403318,-4.831795959790589,0.01981321127192208,-2.695339374373719,1.2005507319843538,-2.8427324181028606,-2.080502483821446
353.97,[M-H]-,-73.38597952539972,2.71025676680445,14.954344214159642,-8.2347296503803,-9.493505800035775,-4.603471742680462,-1.2194049872218584,-2.0073866210854647,-0.8897822485339144,0.7223250940634273,2.984882241070344,0.7657442858739507,-1.4135215841247737,-0.6993636820132371,-1.370731767619321,0.23921090832071684
344.71,[M-H+HCOOH]-,-60.46926348565546,5.09716041614064,-2.9380069023005215,1.3468357932828365,9.07317453492299,-0.34789368942141546,1.4775542251468452,-2.790468368462624,-0.42840130251503744,-3.5098466286073817,0.7944098360389109,-0.8503127010900491,1.4928451398651443,-0.03765156099274922,-0.5484313668399938,-0.08565597823595818
300.05,[M-H+HCOOH]-,54.90308178822453,8.434710992461438,-3.0524347033230357,0.7907373154518649,-1.6173508880861271,-2.8353114721458166,3.715549676943638,-3.7427962681166043,4.221308705161985,-0.3665983263554249,1.3713377357461318,-0.3076724114160991,2.456422591747939,0.2255606989030465,1.1051118663631316,-0.38124557318046187
276.72,[M-H+HCOOH]-,107.58065030158488,6.228003037469477,7.409981536638585,9.894612446838208,3.1508729527111905,-2.8465727719109717,-3.338004163435164,5.1226634906399005,3.90622401499269,-0.7208081399139222,2.9939465661572875,3.167009220109548,2.300253041621687,0.8925933678315948,0.842455510095995,0.6887836889844589
328.61,[M-H+HCOOH]-,-18.45872003081907,0.6768631310698274,-14.58647840011314,-16.260712219115817,8.635763185416353,-5.653713071200385,-5.744472347142458,-0.9677407893951294,-0.8859653801530472,-2.4727079793776054,-0.280173260557839,-2.42121467411628,-1.4868789241951683,-4.380504758617024,4.657169148595209,-2.353919211545385
296.6,[M-H+HCOOH]-,42.05121890503983,7.915769042005515,-4.452737925785746,1.3334950923678137,3.193710824874498,-1.4579955717488506,0.9313799000382166,-4.465107594450484,3.0684397449890093,1.8932282673283671,0.5927696885033854,1.1997968042124745,0.8609258353895776,0.763161179895578,0.9840740191978515,-1.709249909445413
330.87,[M-H+HCOOH]-,-19.55494580626079,8.294483643709201,-5.3744519794099626,3.239518063501615,8.097779826199154,-0.4883979634984478,-1.0945390975157088,-4.350231252292896,1.2577111992919463,2.7375708975792907,0.8008904137081191,0.4798140526465013,-0.5769196757239217,1.3367589150686874,2.95463578552038,-0.7433245233757699
285.84,[M-H+HCOOH]-,115.20181766146946,4.828612413602461,9.620615482886473,7.286004142455845,5.057701317993653,-4.309699308974797,0.0009530878613432951,7.9008946264244235,-0.525275236043609,-5.393953808891394,2.0060359118099256,1.2318363357120776,0.3504982287049631,0.35982748619800503,-1.0615396050841024,0.3799930623814609
324.28,[M-H+HCOOH]-,3.1314057189179425,0.48954041605151183,-3.421112379168137,2.0764534687331393,-0.38578528662241734,-0.35772342058645884,-2.263986988140964,1.9145753220574497,-10.792248775513148,1.2179838059248087,-1.7468950913004246,0.11862470420415913,-0.22671444050315653,0.5196649520712304,-1.2600854580084828,0.9542753237810291
347.57,[M-H]-,-42.29690019451899,8.802912066188595,34.19315200530261,-25.71399966341797,-7.851721569337506,-3.6887340552143897,-7.591114081417738,-4.791681878410676,-1.6190582247586005,1.5985235643615796,5.583839307283354,3.2727687774104663,-4.142611376075023,-0.24237967392028464,-2.1019691098482487,-0.8131465207005698
329.12,[M-H+HCOOH]-,38.50137104953629,7.177862161393242,18.166216073876797,7.732274587569083,-0.03208445124756061,1.6802761718247,-6.292021935689984,4.8858748186621686,2.429407354349082,-2.503733014246112,0.4820722569525746,0.13241344201150723,0.14400184181651404,4.011110011275751,3.5207703947848734,2.799097130848925
326.55,[M-H]-,-7.8458434651178335,5.124854466551475,-1.868384989074366,-1.1487199679424294,12.308497656378092,0.4912439421009901,0.3959555801393422,-3.961471490641801,3.289758981853081,2.550522820489363,-6.131991838633939,2.173334324832507,-1.759699495146436,-1.0355075511229965,-2.5394202507467205,6.199866393563798
362.16,[M-H]-,-119.79045137124803,0.432960570926007,-4.859629436973537,6.70782121721587,3.3835142248917958,-1.1252842028244738,0.3318170332928032,-1.9419191835912946,-1.5591053274844413,0.03761234342701629,-0.19563974589580135,-0.05256184973637881,0.060859074235310756,0.1464915420671763,-0.14442640749366134,0.37002889967737695
300.57,[M-H+HCOOH]-,57.17464129822668,4.526531502863699,-3.9098273490117665,4.336318645761403,-11.57427266583328,-5.675621654657984,5.489481297396036,-1.9029522679052233,3.622148670905715,2.1778562686225524,0.5086431647838717,-0.30043211529481895,1.0594377600554672,0.003390362685400856,1.0855906924788805,-0.4144078135906732
332.68,[M-H+HCOOH]-,-15.507232848276571,2.778605351085576,-16.4316680065188,-13.75892230594073,7.073743559962651,4.791005496184532,3.7477680912735867,4.933914196879612,0.44693442514911674,2.088827005173371,2.7281107735623324,1.0543139681606812,-2.5460290086383255,2.094471129139274,0.024907419163402375,0.6466494746412037
300.16,[M-H+HCOOH]-,42.45550830800661,-2.6005834584383525,-15.580419950317903,-14.74178737201234,-3.361935605307554,-0.05440601097072632,-12.514955354908095,0.0594607605381328,-1.7661223178517502,2.8982966950160027,-0.3850221844482342,-4.816956236975965,2.2938069848394043,-5.17323278046542,3.225992997492416,-1.32194422082903
298.67,[M-H+HCOOH]-,49.71481505440186,-21.080229011740254,-14.13366409346198,3.0142041749585875,-9.676255344462303,2.0292429573363995,-2.2307173881785842,-1.652815968889303,-2.423445525096603,-3.475760170742951,1.4055227024505084,5.510303227811929,-0.9009034222544641,-0.25508630213043254,1.3602575183652272,1.2796920885124474
365.54,[M-H+HCOOH]-,-72.77234368507725,9.65386012257788,11.828989501212718,-5.948651080127229,3.2858643521419952,12.208276254779449,1.9609584709593617,4.836537051831555,-1.6496831726490153,-0.47514202476949213,-4.751953164482251,5.127775279553536,2.4378692383153977,-2.2261349664873005,1.4052304428807412,-2.8688061413857313
351.05,[M-H]-,-73.61738348774036,3.1050759039163722,14.54862155575379,-8.212590158473624,-6.516451577607446,-2.7917831664623205,-4.255747003537496,-2.706362462009338,-3.076454981065349,1.790022871328982,1.0391789318350235,3.44686315432464,-2.6046023993478187,-0.03422574801876001,-0.8947111482392358,-1.4435491844834165
357.91,[M-H+HCOOH]-,-70.26938400763146,5.350862670240183,11.377325318427634,-2.4252096722792413,-9.648107541575893,7.556279857584486,6.7712327001335755,7.375353717780853,-0.062170626970703635,1.0016197560936382,-3.6689422761489308,2.4538998439193596,2.2319634099441954,-3.1134413397875904,0.9096880208968847,-1.2192046603454916
315.9,[M-H+HCOOH]-,53.60907368265783,4.07259353462232,8.556381112179498,9.101411816012996,9.32496036034175,-2.246779167561716,-2.9187195250044202,6.9096029787706055,-1.0568234688191989,-4.390956776914983,1.87868703778819,2.02235048026274,0.31548984629145876,0.7661358805467954,-0.6380192620503743,0.8688376609449727
298.71,[M-H+HCOOH]-,48.35550142003345,-22.437747111569333,-9.690776544765226,-2.026660776945897,-4.407618381233018,8.609527044589175,-3.186070884220767,-3.77670744398017,-0.6470130178255377,-5.855470846005747,-0.9098429584224433,2.070634182611111,-3.5946402874872967,-3.012166646204108,2.195698815077122,1.8002646566652454
352.55,[M-H]-,-105.39111230168875,-3.6153944558358164,-4.6472839206819465,8.875456490036226,-6.209141870163136,-3.1869826728558683,2.332690330055122,0.41113102732648626,-2.5725705270787156,0.5677640538357484,-0.8700010337923236,0.325107314530427,-0.6397059646416562,0.003054670103965985,-0.960287568394506,-0.5696738560975575
298.98,[M-H+HCOOH]-,52.08618614791305,1.6877246181135717,6.793071964943065,13.533338882494334,1.506262502614708,3.028581002371276,-7.255741291108571,4.54915035281906,4.5707609241606475,-0.005599790915252777,1.5308469828869256,0.9197896897996831,1.4072833051317384,0.8963827025320356,-1.1012540686893189,-0.6602379824796691
300.59,[M-H+HCOOH]-,57.10297403692505,2.6449473557919725,-4.567514593185711,2.869655288171728,-6.559874027644166,-0.9575194398813377,-2.6832734619865253,0.12763119649679167,-5.829200016629096,4.888129359888677,-0.6316365546058953,1.2632846262755462,1.7580466774454644,0.6461225187293093,0.22038570737094942,0.774224846879565
271.63,[M-H+HCOOH]-,103.45199268240796,9.09791185596648,-3.4207657615088727,-0.015801561059180774,-1.3227304165034386,-3.3456155194631356,3.588659645173752,-3.6304895973725095,2.755102120703449,1.366336638772113,0.05443293728403676,0.5977693770915019,-0.16026572156172333,0.8999173008369643,1.1571435826866576,-1.8247968518575652
316.72,[M-H+HCOOH]-,-1.0801128583801414,-0.7360507149272223,-4.269908584959886,-1.2329267603768759,-2.7848175982507413,-12.806934902722379,-4.0582494526686705,7.508181726985408,4.653875595606675,-2.858282055555395,-1.105011813241135,-2.6691545114704023,-1.0119124319324957,-3.370543915600234,1.4689229667031627,-0.5951580678325878
322.07,[M-H+HCOOH]-,-10.812331243139282,5.567233260525628,-2.911252892097143,0.44325684359054074,4.690829571404343,-3.364733068138452,4.432677412130533,-2.155709333977494,1.3623366207140302,-2.97464497190292,1.3991226914801211,-2.199742179176751,1.8876372493145488,-1.065756748085141,-0.772201466779314,-0.041241235705215776
331.8,[M-H+HCOOH]-,-2.463398833298567,2.871425174316599,-14.999099430249881,-14.767787452922265,2.5118598503288077,3.2383883073254034,6.794329352232217,5.812900032293807,2.4446901938698633,-0.6471070717757801,4.172369830584507,-0.6416427021451431,0.10566603907031502,1.0138054356787658,-0.45064705240281505,1.6013591452291236
293.59,[M-H]-,41.216652296214576,-0.8602072169561259,-15.87406442413855,-13.142235017028177,-6.5250594509232425,10.767742928376183,-2.872002302695452,5.760038982601534,2.238633635620437,6.127009336549345,-0.10965632747452599,-0.8172090764297137,-0.8044947583821095,4.278210773116407,-2.925971496956301,-1.2191665054195344
275.95,[M-H+HCOOH]-,104.48834678678965,7.023195061847892,-3.6833678756884387,-1.5795058616834545,-0.9852957325231176,-1.1340465625300755,-1.5020847338128338,-1.0774484895960135,-3.439303833619473,2.878881794203059,0.835765306879156,-0.09338887936625158,3.549819123130132,-0.15981087260375376,0.016138294319234466,0.8517957480025004
332.19,[M-H+HCOOH]-,-16.718441646548186,-14.247900970293923,-2.441266865022523,17.048723004818257,3.7813285746740473,13.581065984914375,-3.7100892186977874,-4.172743782086334,4.623331290698368,0.2825245674405944,5.235870755834756,-0.8175160084711132,1.1202142990031716,-2.2993267629405523,-5.169786165443618,-5.128036364379121
307.43,[M-H+HCOOH]-,42.895604968343115,6.267177139050643,-4.74760363817032,0.2359059361169146,3.281964280516791,0.9288773579621031,-4.4217534792704845,-2.0687406388071556,-3.9708495610852834,3.8818741452764582,0.7084138840912984,0.6971252048745045,3.5148106476003917,0.24649658081585943,0.43965740425829797,1.3406368561477473
329.46,[M-H+HCOOH]-,-11.920348699476499,5.760362609279549,-3.3063381083474006,0.5402943906535056,9.367797575841616,-0.8582011067972976,1.3506650115303211,-2.67816355825775,-1.894607571788557,-1.776919416570005,-0.5224877226983169,0.05513807544933685,-1.1238376369420982,0.636702407292887,-0.49639764410116266,-1.5292033416816295
271.25,[M-H+HCOOH]-,111.08658464665646,6.563788889249575,-1.3526502591480711,-2.715025579945194,-0.05271064085821976,-3.715418640901495,6.033861033214932,-1.9584226185936038,-0.39721803978007375,-3.1481516491479007,-1.2689462547820929,0.1730948406268723,-0.7071833824632948,0.19986152906293056,-2.2938883679979325,-2.610677593294023
355.36,[M-H+HCOOH]-,-58.19770539267468,1.188982870606313,-3.7954000390682157,4.892416108947329,-0.8837446941912485,-3.1882045201810993,3.251485481380616,-0.9506253609076495,-1.0275608045795643,-0.9653935054285336,-0.06828401133462084,-0.8430699711019989,0.09586316669739027,-0.2598221633162244,-0.5679522182024893,-0.11881745058730947
297.74,[M-H]-,41.45756220230373,-1.2495195225579652,-4.445749238405306,-3.5162561398044554,-1.8776415079594875,-2.3408265916823514,-14.408400409469895,5.593707703857695,4.709939428961842,2.637493757882474,-4.936642451513405,-2.3759314441522235,1.0853482574237199,0.40782592007538737,-4.273906318379396,-1.0485270734687409
289.96,[M-H+HCOOH]-,112.10951368592686,5.62380420169019,-1.472733335084113,-4.188117793605181,0.9215328641819649,-2.5971706973686497,1.8368747548376851,1.7007830571375642,-7.870803665146522,-1.7942610852139258,-0.15214575614906914,-2.028562836273591,1.6000652994029996,-0.6925754552262074,-1.8878556390768668,0.5430058510803738
358.85,[M-H]-,-110.0582270053572,-5.8703268126687504,-6.218283909823922,5.03164494128593,-4.092134921673139,-10.567482319508649,-8.159111954295076,7.7219732101243945,1.7324302440609096,0.15397011716211562,-2.699777866039135,-0.5219729431970652,-2.838696758777603,-2.158295089895715,2.0966975261390295,-0.18389006359293322
306.03,[M-H]-,57.46183931691035,-34.882798426291075,14.471941862357703,-5.446880166995876,7.4140644507095015,-3.1974009150897618,3.294047642533861,0.16791854012791615,-0.9923462743625903,2.911383030086329,-0.2519425682727467,-1.1358074950006631,-0.35416529803628116,0.8417475056752814,-0.8900894090859821,-1.1433585432259032
357.31,[M-H+HCOOH]-,-105.58307500220923,-3.189270249359224,-4.6795442728784185,9.341578150362894,-6.458318826553878,-3.01167601954953,2.070296674471603,0.2544558594223827,-3.417457042794062,1.0438575236315806,-1.5356932266412768,0.5135974844688863,-1.6959086184896268,0.5461147911947243,-0.36369700685106976,-0.19638547931928807
360.72,[M-H+HCOOH]-,-84.47675568264776,8.973092079347847,11.197238047301052,-5.058958663149026,0.19373071877771156,9.44267499947337,5.032750606816161,5.178981002487605,1.796178473644259,-0.0046344519004034865,-2.328893391394982,1.8877363574937367,3.988729211512699,-3.5130684059275272,1.1289597597859353,-0.6527928503967194
295.41,[M-H]-,34.578105240735624,8.486914025267382,7.2252112832379485,-2.734874801631279,-4.89331346319662,2.099254612300299,0.0032825940863357083,-4.8167679277471365,3.4023493363131343,-0.7340305843087656,-2.1272217129003783,-1.1148158778385193,0.14252074503963405,3.3080806539675973,1.6918316662132107,-0.564868038615251
300.64,[M-H+HCOOH]-,48.99388166826758,2.4829157013313266,-4.3002752640971025,2.059222401502879,-2.629903124842519,4.7411063946689245,-5.41982095915338,-1.650960863912593,-2.7747684927068472,3.594089654880753,-0.6273337213435897,-2.340604765445043,2.6568492254959546,-0.15602134195996695,-1.927573297391016,-0.49722527465774796
328.83,[M-H+HCOOH]-,-43.990332340214046,-2.4332485945056614,-3.6153100792580286,7.526165580632363,-10.725581096362195,-5.074601153137963,4.9899669225435765,1.2457469112748758,-2.885911554737641,0.04086005244009915,-1.4083322704319539,-0.27691243054122183,-1.6609016400793826,0.1398031680093129,-0.7872186731796191,-0.685225495772346
276.69,[M-H+HCOOH]-,97.10018608074813,-16.701981129920412,-13.249517602827664,-1.4349552670798913,-4.101676909849147,1.8527156518424404,-1.04952953577379,-2.857896835439185,-0.033548913144213544,-5.485008087771428,2.8729259799390787,4.153628258934629,0.8908682052229399,-1.0610200394789209,1.156009568913474,1.357263155204713
356.82,[M-H+HCOOH]-,-79.87819845010195,5.382361923653703,7.702475131376838,-1.809700785552949,0.8710676775668539,2.2554514721158654,0.584907247457713,-3.4986632367053114,1.16468788026122,-4.598908157155629,-1.4482256178742252,-3.723851095250065,1.1342281084557106,1.8854725259891125,0.35908038728217584,1.5919752230108841
278.98,[M-H+HCOOH]-,110.21520246562676,6.767693444138604,0.61237211224107,-4.336846699315333,-0.6208710253171559,-1.3706321325414248,4.4760965702854945,-5.081954014696186,2.7562800041388296,0.4393229347270821,-2.6007006515286677,2.2724887667298193,-2.349964746557679,-1.2223073679787178,2.5935093315888946,-0.5098622362399191
322.39,[M-H]-,-4.056854065917919,-35.296433155251876,12.489933607576472,-2.921165298473449,10.792461432237712,-1.8904395210383438,2.8918475260139433,-0.6696972825804728,1.05297304167031,3.2584865050550977,-0.418092360853661,-0.9951869372737575,1.7601004321764622,0.5163736661279352,1.0800244833247687,0.3073374303632932
347.4,[M-H]-,-87.59335241943108,6.33248700967912,14.774260789270059,-10.868479926649792,0.34833216396534633,-2.717074770807144,-2.957886587448461,-4.203760469429713,0.9685670443353396,-0.28392214614470085,4.324929865018239,0.19958374673327509,0.3432432715816599,-1.0989865542328463,-1.1514623042071768,0.8056241889485469
