Observed CCS,Adducts,pca_0,pca_1,pca_2,pca_3,pca_4,pca_5,pca_6,pca_7,pca_8,pca_9,pca_10,pca_11,pca_12,pca_13,pca_14,pca_15,pca_16,pca_17,pca_18,pca_19,pca_20,pca_21,pca_22,pca_23,pca_24,pca_25,pca_26,pca_27,pca_28,pca_29,pca_30,pca_31
316.47,[M-H]-,-44.49971172676083,0.5925220891076091,0.494189992654315,-0.46410900832806284,0.04531791282658429,-0.10446562849474901,0.2535461487016253,0.22068418779455404,-0.11452410669737353,0.20617388237104622,-0.06168328015933552,0.06662820408097025,-0.05177578188634867,-0.008279639970418964,0.029063053479020044,0.03817285322328168,0.001369227089857461,-0.0047578272478489515,0.013091525852775949,0.005322487577401348,-0.01052653330109185,0.03691545737024023,0.010297937209330477,-0.004822684918362959,0.020340993486494773,0.07450361071377787,-0.03206418389118262,-0.0061289693230736275,-0.005668042751947808,-0.02439404026242446,0.00790401540744358,-0.006623759536565318
342.97,[M-H]-,-43.50057777932014,-0.01206357262102594,-0.3631403090972379,-0.06495572949417336,-0.10158169458953792,0.20063031002985646,0.10558279572507184,-0.064022941286272,-0.00644985880141488,-0.019280149454249492,-0.025877143784389926,-0.030447268244141953,-0.012626728386049934,0.06336973613104385,0.053548201555107776,0.037240088079719735,0.16275271662064364,0.053128854965712964,0.04223772575257872,-0.04153986467768052,-0.015041182446563587,-0.03251340360242268,5.4832401650847706e-05,-0.003610658869760646,-0.0017960158025822554,-0.02047819237906776,0.08208750403206118,0.0010194246377093904,0.02531176501660458,0.0004172734002879476,0.003037042080308563,0.003969188416025154
297.53,[M-H+HCOOH]-,-42.49970923063836,-0.2974627741327814,0.35170478656780535,0.22386492547942038,-0.07155717685957227,0.7269320503883976,-0.07507744499398476,0.1923242891290015,0.061367990367338573,0.0673394023013698,-0.017479235172352107,0.03977136925530964,0.051628066384796,-0.0195241018634696,0.10143299768872577,-0.04513592053702844,-0.013864798958792645,-0.07543342551649686,-0.009018254574419002,0.014027661705372884,0.0162174552086285,-0.008945725635489349,-0.048348326502559054,-0.030986944485542345,0.013756791478984105,-0.03883094613339999,-0.05222396560448192,0.1181972248017342,0.01990298902009235,0.0644508222168901,0.022479317537200574,0.036517693080403604
313.42,[M-H]-,-41.500248452021324,0.4558099517882369,0.33055698786883897,0.40105935428163625,-0.1413260923530026,-0.21176695240135282,0.05222657229754709,0.003118869599356882,-0.06147296961041114,-0.05843361550009588,0.08530821587428507,-0.1134926667626201,0.1408279299353366,0.27967454942061604,-0.0025381818414775045,0.027446224172423303,-0.04492419863873716,0.04117159677608646,-0.05334880366997281,0.1075602409838291,0.030728272210671623,-0.02685049267787843,0.08467205748824587,-0.06501194597895067,-0.05888495755642378,-0.0083498231840567,0.013261932137251202,-0.023476299835528708,-0.014503693155328993,0.016135112944235284,-0.01646636712610303,-0.014833992447389085
274.31,[M-H+HCOOH]-,-40.499643864580825,-0.8072379091777797,0.09958334545188599,0.28337573952203987,0.24072196984240157,-0.3755651158903656,-0.008802652827157436,0.05468071314335036,0.22502337499087086,0.11776429413248923,-0.0718308809756251,0.012018590681970203,-0.02219106920813259,-0.05830365759952483,0.12304754673786175,-0.06448416201046278,-0.05304873355442008,0.038497250178893876,0.03484187905320241,-0.059044999010979204,0.03093708724325689,-0.05359065282627263,-0.0180731389754581,-0.08990692848315822,-0.015316731438286343,0.033600085420691955,0.054541474084815224,-0.04736713177785926,0.023698342808864886,0.097258717367603,-0.14558738882000635,0.02680559619971313
322.97,[M-H]-,-39.499895304255176,0.6540529251422863,0.3858592366708336,-0.46428721052032673,-0.05089223774540938,-0.09641184274999935,0.2298862746606706,0.28768152590422386,-0.11119421809096716,0.13886658911043,-0.11757200832818902,0.04168845570570736,-0.10725127744686569,0.023948911378945385,-0.018376158768141023,0.10674641591849014,0.022170009347661706,-0.062364181803332065,0.015258964486505842,-0.011234260696998745,0.020484263920703155,-0.05474735890424436,4.133914109914932e-05,0.1011662740298532,-0.005526274044027323,0.030818738557284186,0.024051512878724767,0.04534626908191545,0.03464717191252486,-0.029892792429796273,-0.02595638586637606,0.0009564621383922661
286.76,[M-H]-,-38.49980553310715,0.32095400239241934,0.515109316022766,-0.31201465752897733,-0.03381834451539658,-0.124835927654555,0.33616511329589693,0.20571107910047218,-0.23483093900669758,0.17857022591933358,-0.04665031699517874,0.10262877736985064,-0.03233012095631011,0.05332771928453493,0.02630952735547114,0.02860715691557271,-0.048737789966776225,0.049380362682080105,0.02052465972831509,0.04073864944034668,-0.0005825989399174805,-0.0426109778490117,0.004340197212983579,0.07411269380614817,-0.036737538677899695,0.044306728954440586,-0.01249699726879793,0.02427739581354687,-0.05107416796905503,-0.025030649304589744,-0.02054577547015586,0.029588386097868045
300.84,[M-H+HCOOH]-,-37.500494459291154,0.6754101805337345,0.2166911652712765,0.651536350388489,-0.3185781413718259,-0.16444833592769942,-0.06325181707374329,-0.021965380468430256,-0.17456254321546452,-0.17075118493558128,-0.23026723619602205,0.07781294127457485,0.0021381934443588774,-0.1793915402754116,-0.0233884905860149,-0.04056712722562122,0.05139513886857793,-0.017906020801901266,0.11203592503728177,-0.04673435963002666,-0.05491974754479511,0.007564858344054363,-0.054924625195288054,0.007184972492664821,0.003349483135294649,-0.007902981161982082,0.04043747572694359,0.025328823353184725,0.020290812084995658,-0.034602991944345324,-0.03286226215954099,0.011005932237403145
321.11,[M-H+HCOOH]-,-36.49979820159517,-0.31986299172077465,-0.024237956230340134,0.0691527171933014,0.26860710475817584,0.04084192685209818,-0.04145300442125909,0.07421495137630203,-0.059283593837687706,-0.05448949735349772,0.008432297768028783,-0.08464156661198592,-0.04389624033259076,-0.02976951157572942,0.037955113970196734,-0.05179417416311018,-0.004096978258980481,-0.11266209897923025,0.03854055120707234,0.06047977764049128,0.06784003241790229,-0.014018479250432054,0.049396089767646784,-0.00644489212476,0.04057386162667917,-0.016970894937714195,0.0264261489326268,-0.03847766594185079,0.0006984514746128374,-0.05185589442598764,0.04157718539599435,0.05688488233485076
333.51,[M-H+HCOOH]-,-35.50018326484662,-0.033182595905343934,-0.11295833874287174,-0.14176175120594542,0.08723378458150188,-0.06307387752925424,0.14258273752512995,-0.12384394257619055,-0.010892322946162809,-0.07440035878898493,0.08612173796481108,-0.29769579581254607,-0.1283531292477979,-0.1206199804210422,-0.098851092598995,-0.05903280860588865,-0.05167504981563062,0.0015516207047023872,-0.08456612880418082,-0.004111773601453823,-0.1378651228497548,0.1513866655960101,0.0073667074022146515,0.11702741040424776,-0.13925965416846967,-0.028011077799169042,-0.06551875629714703,0.0076147542663715494,0.03630339172652481,0.04201107162685571,-0.0038750163087709487,0.09253449847642622
365.47,[M-H+HCOOH]-,-34.50066081065406,0.2460581265716695,-0.5263870534525384,-0.07678369831450203,0.03776424017777407,0.0841477734295113,-0.12734636269270871,-0.1528497165337885,0.003004786169992304,0.02604079260337156,-0.04406731624447063,0.09953174731867513,-0.03237039934257284,0.011738463760516037,-0.04892824014821739,0.013628289898449003,0.020484485246017266,-0.03765465636315083,-0.02086426748974663,0.004304347478476032,0.056900439766370325,0.016513831488269234,0.015707103543382738,0.019021371616672934,-0.00881884056776823,0.026793066895869803,-0.005512582207966771,-0.004241525567778851,0.009214775997006102,0.02760707861819995,-0.0010342449269821756,0.004135494789151834
367.09,[M-H+HCOOH]-,-33.50047440521696,0.18798783000107488,-0.4921180010630946,-0.18853702326332838,0.11750108937483764,0.02409681717274532,-0.11327912836757449,-0.08586282897315113,0.006843532374355634,-0.0025718614978671736,-0.08554334019686018,0.035709289052740206,0.05426830444260683,-0.03262019995927134,0.006482040299101559,-0.03465035083888527,-0.007741028658030405,-0.04705370917536557,0.0027413476875077767,0.015102937295755615,0.013852829112763011,0.012477159328929144,-0.0002827807128561697,-0.02455703290106929,-0.03811778355754359,0.035711524075261264,-0.011673787975533988,-0.008795387372479022,0.012076507978242229,-0.007686365502221196,0.031189944175660372,-0.042933819909275917
306.95,[M-H]-,-32.50008787441062,0.5015874692017298,0.35561958092455676,0.43127065080187194,-0.09810047990510777,-0.20439646848489912,0.0312900011189429,-0.028182582924799787,-0.0362107341343958,-0.09170481978703632,0.07497174337946073,-0.081176510494633,0.1198500185462973,0.2792841528109917,0.0179758287770572,-0.01031328181436118,-0.05366179096152649,0.017957794349665466,-0.07984612188052273,0.079122210675296,0.013943579615233397,0.0056051102504052425,0.07168561581687403,-0.05809406945083524,-0.06817542732903836,0.024758154259342795,-0.013776717697007754,-0.024268054019485678,-0.0092213500920556,0.02165604281846543,0.03547906520610634,-0.022059280516172657
318.86,[M-H]-,-31.500549396548976,-0.18972794216204036,-0.3930546285000386,0.14225288822226176,0.11796277865478462,0.03863659386512903,0.11323331658638898,0.045436405453546984,0.026891461541102897,-0.05110624918414177,0.07896730611382695,0.022086344192025896,0.023676487734635602,0.0324794578240902,-0.1455393586034382,0.14774418099336753,0.020427860909360798,0.02232112373810637,0.07338041166075951,-0.011703019648466314,0.058158886770921944,0.031199591121330708,-0.03651149226971931,-0.01817228056490504,-0.01217937607282124,-0.05541538140846894,-0.04957577777041223,-0.05854919578450968,2.9576915623532034e-05,-0.020907212316987382,-0.005304006509103916,-0.01834461060951366
300.45,[M-H+HCOOH]-,-30.500398366304925,-0.47078297296993044,-0.14307555329620014,0.31608379044675533,-0.128356348043731,-0.08521456775957408,0.11601357625220765,-0.05389166764739195,0.09103412833072651,0.03821975077920282,0.10378377553444354,0.15301544461204158,-0.15744891668254482,0.04253053169180901,-0.06592839035670503,-0.07030447777405217,-0.030093759024583826,-0.05144973567379191,-0.055657025603904384,0.016396258536312314,-0.06164616545202489,-0.051467553508906354,-0.020493099338200982,0.015068814329890146,0.04637344865562126,0.03262474488123445,0.042113915014537845,0.04670397225529631,-0.055824395233734767,0.02489378573892844,0.02470330786836065,-0.010285482308623145
324.4,[M-H+HCOOH]-,-29.500704186633005,-0.19444767599041765,-0.326024126104139,0.4245592000249698,0.06435912974594153,0.15034053895105357,0.05079208691532842,0.01104332443585825,0.0029658953897945496,0.05403431332427171,0.050716347563510525,0.17485027474989637,-0.06374526284330302,0.0046405785784105,-0.21350723203288027,0.004970614999476719,-0.016607758729988716,0.014478057269782017,-0.018007439471880285,-0.01866877864564669,-0.019213455152989993,-0.01972055719729392,0.018738796941074568,-0.03931380997943422,0.007919401675775643,0.013601767591710572,-0.11027827072896121,-0.025467765730460643,-0.0050644280184213054,-0.01994966505778885,-0.06518325614259984,0.02488114232229249
356.51,[M-H+HCOOH]-,-28.50045606187249,-0.05128674415954742,-0.3378229093474129,-0.11565643390109735,0.055110099170456256,-0.027941784214501324,0.1364664266372367,-0.004437768706458945,-0.014745734925899853,-0.07431541402233283,0.04651314860357286,0.033679275480046914,-0.0028222155674083485,0.035102713728236,0.11529326143675109,-0.029936770609151495,0.08668948342921376,0.10774263489656848,0.0003093808873654464,-0.06025516671237054,0.006161074424847489,0.03956066669422305,-0.018505639221811327,-0.043645238884864546,0.00893880283601766,0.011844090948162987,7.098149609307249e-06,0.00802610592675798,0.02488078258919489,0.009982610547444537,0.03331418824177036,0.008948591003789521
388.73,[M-H]-,-27.500661136582664,0.37122251528706124,-0.5697733595130584,-0.12685447472610237,0.09737612516513042,0.12106506791764801,-0.19671804933986867,-0.14418288390496875,0.01873065509004307,0.06994051107472038,-0.10184691476335879,0.09390914096089605,-0.008227429622488704,-0.060662592285420945,0.00196372840709654,-0.025168162362350283,0.029623366897308462,0.0013973318988803616,-0.010733865959051058,0.01832647026841353,0.05139396760618034,-0.009621104134285992,0.03957791874045029,-0.01101980650869824,0.006272676918605475,0.058602150163476065,0.0026042245485758935,0.00600528584300363,0.017230507956938396,0.024627839469476744,0.0069736192512581995,0.021588365632062484
301.95,[M-H+HCOOH]-,-26.49902214532308,-0.3904739011703283,0.5162388772963684,-0.09110025814886857,0.28632968723638774,0.26549608672988756,-0.24715689498912602,0.028862254906143307,-0.1441768756409489,-0.13499446457648454,0.12546476177936294,0.10465435491034238,-0.12696048187731693,-0.010439524872647741,-0.012854165458488085,-0.14373025023742964,-0.084559159426529,0.12719387037486812,-0.08111372658961397,0.008142580715730586,0.020389345001599266,0.05940105623357359,0.05014784638425244,0.042832581349414874,0.003922090138141468,-0.04324323392392302,0.09634463805122959,-0.011902895158936042,0.023982014444387544,-0.051321300386740584,-0.031465754801133394,-0.04054232101705528
351.29,[M-H+HCOOH]-,-25.49980965837359,1.073343871604011,0.2447785086820362,0.004067499248900771,0.08238409286757238,-0.017026567447646586,-0.14786173787631898,0.10691145672906606,0.28226577233534106,-0.05724080187588881,0.014617996999543288,-0.06724162292457564,-0.07394707831820332,0.03666136733816994,-0.04245312482020512,-0.03374999566006234,0.018015851974220322,-0.02030716964912917,-0.00026287556801711574,-0.04646864174253735,-0.028983128646959986,-0.06422985779601911,-0.01676306097640866,0.005652051916080694,0.001178864999672281,-0.02806325123064668,0.010941709364540047,0.018222786080716372,0.026864008511672113,0.006683315424738861,0.03955050683855421,0.021424117506217026
370.73,[M-H+HCOOH]-,-24.50021643844802,0.27180017095731085,-0.3666274755861611,-0.3280668989449809,0.2257647635191577,-0.04252802571070138,-0.07557852523255953,0.0012403658662855286,0.10242858542260878,0.011672684396851013,-0.09272388102512417,-0.05510701760998592,0.0921082215085189,-0.0493226818891691,0.03683895074843735,-0.07567822318106533,-0.07466422063159288,0.026269318761548876,0.11092016790107109,-0.04425821661608376,0.019117250930248873,-0.041284895099427954,-0.055199264326265214,0.030930297722358616,-0.11180624458884476,-0.008353045809407317,0.005357900732382687,0.005076179480145866,-0.09147533096845506,-0.0054329826792168115,-0.01063269834488746,-0.05617074722889041
302.62,[M-H+HCOOH]-,-23.500366991475527,-0.5289112213999395,-0.18068461653782866,0.32554465417277223,-0.011634667163969796,-0.15002488609416084,0.16042149275759002,0.007158559365937015,0.09815710413278128,0.040491487539792204,0.11741105503104211,0.12850149822064152,-0.12481916544653578,0.039951347068074974,-0.0038832194684911415,-0.0732816974709152,-0.0466664309173998,-0.035358399559344104,-0.04844953146001252,-0.027516744207024203,-0.06748691052260915,-0.013376240856090602,-0.05051705094897652,0.009464476860631664,0.03218637132986712,0.02101455845956064,0.014372083639622231,0.014221680183933216,-0.06209275387963257,0.03331975248631131,0.05502169478161278,-0.04384745475193229
228.62,[M-H+HCOOH]-,-22.498828788499498,-1.017963426827545,0.5106914820707964,0.05060030758115075,0.14137103323944225,-0.36674825652596144,-0.28513386552016184,-0.05709712900621745,0.21826263924091258,0.30952638044270664,-0.2824358828020238,0.0019489115367333652,0.12657822709965894,-0.023094108273387374,-0.1053511135542943,0.11943380032542827,0.2394555205373283,0.15866061859001185,-0.06542747089555265,0.15749818614132233,-0.04243065951104918,0.05975048062953073,-0.019524315269959288,0.013030564357795921,-0.04041045158747929,-0.06978681033698125,0.023987786514223494,0.027275114502260635,-0.0028408853833574704,-0.034679309133008415,0.022202721113561783,-0.007057020274897842
372.78,[M-H]-,-21.500547540578268,0.3292014865090443,-0.49062811031630654,-0.142519236955357,0.11904647804697202,0.05179434663434381,-0.15894995517545799,-0.129132623958335,-0.001082357025694499,0.11719428500534382,0.005810967912466464,0.08196416031308927,0.049130327052857796,0.04608572572227465,0.06359654969972663,0.03572898683060665,-0.07911230088931263,0.06715333932628445,0.025166538938820284,0.05035970859187606,-0.013627942862137978,0.0012494615120862268,-0.03928890283745515,0.037977116825864916,0.06946222678037399,-0.009921033234587043,0.000891041607142737,0.006046018564617386,0.011587248023048646,0.007956403415543186,0.0012929317259750331,0.0578499442860891
353.93,[M-H+HCOOH]-,-20.50070531308728,0.037495278475317355,-0.34827076773309806,0.03756644355112433,-0.16974285318407045,0.1918552524729244,0.08581312466483547,-0.022374517224260825,-0.11064925850493967,0.12297593346968066,-0.05471267670829135,-0.09486034598756075,0.01207919383457616,0.07968074489538964,0.07106744986002213,0.015471425297371217,0.09454969793137417,0.07001219553761404,-0.010366689256402457,-0.03779217839770022,-0.04520561083274328,-0.04115995087272712,0.10670930053468002,0.012251892965736536,0.11523132408329138,-0.05392092128520283,-0.005335057048930844,-0.02161484239777076,-0.002108237846730584,-0.01731555958963541,0.0009169674798912313,-0.009475014570711263
286.08,[M-H+HCOOH]-,-19.499139910063395,0.04154055512996631,0.8526321814123561,-0.1376060711844502,-0.01284917149994944,-0.19922726313573205,0.06855634425074528,-0.5753115833198865,-0.12567623413338783,0.3165042002163415,0.49043408219528967,-0.06926002915483588,0.3173822474032583,-0.11329120919742888,-0.1309169508602088,-0.13159560219969033,0.14786574504314118,-0.07436928258899089,0.061091038099566904,-0.10982844654809437,0.051569577732372654,-0.04185879918083201,-0.010427693991944351,0.03488082525694732,0.0071776134467183795,0.013757227507432163,0.00424676680116616,0.033290644453005745,0.012184525223765195,-0.014855436032906422,-0.006449215484351391,-0.016000388741039224
308.03,[M-H+HCOOH]-,-18.500414821936342,0.4674982125857688,0.2642696658514116,0.5434950491932866,-0.1760722926583391,-0.012403833335642381,1.131214837310945e-06,-0.1242410892247824,-0.13736597499321362,0.014831352362114948,0.07563644417847037,0.027970124037515157,-0.004615614418150467,-0.2877180526432528,0.21512094855003616,0.23939511037452788,-0.10022274301481736,-0.0684408217108889,-0.04606549908086804,-0.029271671087977492,-0.15872667183431338,-0.0737882866866332,0.04795647746853017,-0.11112964155179512,-0.08519079858535414,-0.057821966069050774,-0.010612785239964513,0.008803767449014618,0.03098493650505393,-0.05154995388361979,-0.003495928338359532,-0.05306967684744824
303.37,[M-H]-,-17.498808899465452,-0.42879628874053644,0.406750186994428,-0.09329662516238105,0.42820015431429465,0.050012378082072775,-0.2596376590140255,-0.01800702365877195,-0.24554087467502447,-0.10333764667053631,0.027091393970174685,0.003328955306955629,-0.08382305103995587,0.040884878797985316,0.011105445272837737,-0.015387636323828464,0.03980800903795868,-0.026292111569817967,0.011638296833141415,-0.01145532240965973,-0.040948938878673104,-0.038563565932653615,-0.013717617987261963,0.02604187051977704,0.015267593793124831,0.017829201178400558,-0.00041118777102182357,-0.05370600649391711,0.005598470454863402,0.009049784937572095,0.03205424474568356,-0.019459828076150494
302.17,[M-H+HCOOH]-,-16.499266847325345,-0.45907785864247275,0.28886609212897596,-0.5196471013469566,-0.25158771494763277,-0.2146423833801667,-0.10884253545024347,-0.15609597758929056,-0.05697552789011463,-0.17805217420900143,-0.06987108062682776,-0.05213912333722201,-0.023211628781785208,0.022468984687292803,-0.014462047877688804,-0.008476316090359317,0.00897533975869992,-0.05728577019656108,-0.02568097748484723,0.018128841652763093,-0.006404054282283449,-0.03813948480953388,-0.042264255740149366,-0.07815617209483877,0.07315039481144678,0.012101413874166468,-0.07516366677081346,0.02550550819151165,-0.021752022748479535,0.012113200857529398,0.0027608103063098154,0.01231779114823071
353.71,[M-H+HCOOH]-,-15.500510370600068,0.12916148442053013,-0.5079785943143578,-0.1252339078907814,0.06406001480920256,-0.0261441315210465,-0.12514386292998703,-0.1086295355544449,-0.017000748186563865,-0.004839320188778329,-0.07534047886253259,0.050358690899896266,0.02747284311115736,0.014844781002707913,-0.03170807829519873,-0.028890617091300492,-0.0213084328069576,-0.05971041648622042,-0.020887977734175153,0.009568841662792444,0.055698292888209905,0.01574956647663283,0.016058274838743697,-0.0023642098417338783,-0.0167545326617128,0.00628831983374174,-0.018471783681859033,-0.026651459311466202,0.004780308742228002,0.012836846031678898,0.01570204318047965,-0.033096320761174226
291.14,[M-H+HCOOH]-,-14.499337711820324,-0.7329266737277431,0.5539474423770322,-0.4307327919102432,-0.6811641327243811,-0.06435343635942324,-0.2702334812642111,-0.18023975102486198,0.24360547193236376,-0.07799193188501215,0.05018438518572342,0.15499566283832164,-0.11374393190626843,-0.014360857968076075,-0.022466081257405016,0.024937510725338695,-0.1668030783625463,0.09870143240685146,0.061608380514709266,-0.0398434765292167,0.04841774248533447,0.06565614983930938,0.1152937679442526,0.0017034148335156134,-0.003333606208208392,-0.017757711094375808,0.00983751317795698,0.04162420916262465,0.013331800042819138,-0.05306247697281729,0.022235036990148793,-0.007675498683404463
306.69,[M-H+HCOOH]-,-13.500022651182944,-0.5327863170609136,-0.11476831410076328,-0.05981003347624719,-0.12666269168897254,-0.17998081709876462,0.16539179430685785,0.0624734156918059,0.08545595118972478,-0.14856220530638767,0.04827285826623279,-0.07835221066260732,-0.06814314623710341,0.031957133835701576,0.007972870708773717,0.03480778666657225,-0.016615245728737366,-0.06109791253299221,0.07671219460975251,0.02140295557872734,0.02229521318466473,-0.055018769205938865,-0.0534847572724412,0.040010777299174106,-0.017499472593469883,-0.030481473474659,0.01451795747657467,0.0030645246565133427,0.012658598788656883,-0.0017438739400288644,0.012748927181492165,-0.016098515349001346
323.62,[M-H+HCOOH]-,-12.500019931175816,-0.29796204729448517,-0.06642959468421201,-0.2955405842064286,-0.18066082861507513,-0.040518761381431186,0.111136582402883,0.021228560787129695,0.023136411174572193,-0.14620009248440619,-0.02685325140294574,-0.08868644900927457,-0.017152913192419763,-0.058388723090401634,-0.019801752419954737,-0.054842700424695065,0.011023471001979581,-0.017356653040296287,-0.02484231753250619,0.09006114763527082,-0.009030988089273606,-0.061444415516855345,-0.02321436176905532,-0.007333172105873867,0.0015100908178608352,-0.03319017461620843,0.008484248335836962,0.03148908702779051,0.01837594784012155,-0.007883126533690618,-0.0026881011399722925,-0.0007147082002396305
381.08,[M-H+HCOOH]-,-11.500665238749818,0.387181286991397,-0.5643629591550923,-0.12778441272404373,0.0813422675539858,0.0929779783410065,-0.1764176756906264,-0.13668934427502322,-0.0012351758495639568,0.07319759945057834,-0.09580957835178805,0.05039029888180578,0.005682501015159168,-0.0722067865749944,0.004846937566212493,-0.017885530520525484,0.006926705829079542,-0.020640465331800268,-0.013607829415566344,0.015195767029799037,0.052842866363015495,0.005690940750906848,0.05400324384581308,0.004996740069905584,0.013498816893051343,0.029568557318119963,0.012888191327192019,-0.00023480880204763266,-0.011489412222175848,0.022073179401842204,0.004249549530707873,0.0026624718866511627
313.09,[M-H+HCOOH]-,-10.499924247050725,-0.31589212465610567,-0.07639675346406344,0.09994172222443282,0.24425769827544408,0.0009471704045388374,-0.01278869490490096,0.0983878063344545,-0.05989057658211059,-0.04964736931331512,0.04727042342132707,-0.09217644861913009,-0.036982874662677995,-0.05890759472440147,0.05877763271206565,-0.06959337082828809,-0.03444152438084124,-0.12716625320176328,0.01964629413938833,0.0275179209331363,0.06993390185296636,0.014041418901639157,0.050607223170055664,0.0016954986569641555,0.01823954427815979,-0.042166514098627296,0.01570926833975544,-0.04073460563011778,-0.026075314008529114,-0.06213427386210125,0.06371836494550957,0.0387598695219273
368.1,[M-H+HCOOH]-,-9.500171634416825,1.0127041952550424,0.15826428492534367,0.03022642912050259,-0.043106441338123094,-0.024304103306620157,-0.193260385205343,-0.13649197340674005,0.11954749078035289,0.023588706915496128,0.1678246976863077,-0.011457917572675195,-0.13737262085042232,-0.209595416643451,0.11360794504008276,0.2307318746705643,0.05207233166712479,0.0004263733971895691,-0.10654584128790309,0.019877804909432435,0.09232080076632752,0.09800410171793086,-0.09043212820231053,-0.005096086771009044,0.0719946235388588,-0.00033266072254954605,0.020550798314616668,-0.09294241316957881,-0.06249555969413807,0.014977284453261543,-0.02037956953336317,0.0032615626919582585
365.54,[M-H+HCOOH]-,-8.499801408156069,1.069042904381029,0.24619374100461935,-0.018731666031536608,0.08203508871279733,-0.013282972930332045,-0.18681788488668286,0.11137757259752101,0.2679064418106427,-0.04499286347439513,0.04183893279231667,-0.036478124376958375,-0.05207411541037184,0.04402042063043126,-0.026537002156130692,-0.04514173466320428,0.020780346761868886,-0.005702835054908413,0.005774356398696566,-0.028158802533998634,-0.018855720404954323,-0.032532812415210235,-7.410250422584039e-05,0.0047265557312190665,0.004492034141152991,-0.016110534463105276,-0.01631358709060545,-9.021458658943016e-05,0.014411869718355563,-0.004822945647209995,0.0104600002839111,0.0008925114924673192
319.3,[M-H+HCOOH]-,-7.499423634173126,-0.4334865162473329,0.2549857645232116,-0.28814629162112754,0.059648690970632315,0.0766907754988991,-0.07714385458181654,0.23159630819854113,0.02082772329687233,-0.28979580392443843,-0.011741359059292586,-0.018612771185573945,0.16508084837160014,-0.10003040042696294,-0.19853946977041498,0.1514133429833244,-0.16026091027211736,0.101793758957765,-0.08986502982577849,-0.1492892675500208,0.034777889443375114,0.012335389341308501,0.03862127326364243,0.012050733170057282,0.05369211398763658,0.04887972322459582,0.049440833336338946,0.048179245378993325,0.03483976095845629,0.020063626144966974,0.03309404672885954,-0.04858903241189705
348.86,[M-H+HCOOH]-,-6.500554710957986,-0.008454739776335816,-0.36543766072976325,-0.09761154601741637,-0.02700803639879366,0.009199182702629307,0.11937390507808254,-0.024399589157868645,-0.016746890855846776,-0.05872771147146359,0.05384534128450754,0.05709676576631668,-0.026908141925235936,0.024609258520746823,0.0807570380132742,-0.024418011064452103,0.09738667802908174,0.1077746072697791,-0.014543748730169325,-0.037730706192716824,0.01384641817790627,0.021597149678179876,0.010461077991115265,-0.03782990449665958,0.0003194337875194275,0.022215943746254057,0.018002811957494515,0.02748494253209056,0.035517034666589224,0.000652057733239331,0.008905405303028701,0.03184528352933705
323.97,[M-H+HCOOH]-,-5.5002093026729675,0.014788023521034416,-0.16717683240087508,0.07352951312712748,-0.1360901673571274,0.22502099381570037,0.09699818527370821,-0.19471251509412216,-0.11703685914964686,0.11780191196752503,-0.13183389894719816,-0.40927870862632526,-0.1331561532769805,0.00947673498150266,-0.0284400734335936,0.026201369336675405,-0.04440994142397713,0.01555866668676759,-0.013102935691864957,-0.0560030507246082,-0.047189653037271025,0.07518119575857464,0.05234628222920609,0.06805438161973357,0.041114150628268266,-0.013147901523210388,0.0006850526514056746,0.00043638669414726645,-0.04269188632757669,0.07723940756849958,-0.03581861318429742,-0.04940956646761653
353.97,[M-H]-,-4.5003543223240206,0.08511699458678594,-0.42350938795308557,-0.2039574891011241,0.07729608644723071,-0.03873781695601589,-0.10387560711426501,-0.06846712264960263,-0.01472239120844065,0.060362449862567585,0.019075904501584192,0.04530899997851906,0.10994649170046972,0.08217270502183058,0.049776614940356095,0.03146800282167246,-0.1140977193082657,-0.0001608065717805476,0.025320768338764028,0.032370794512757865,-0.06333443690217543,-0.013804980384593367,-0.07619761237406716,0.03141692508362114,0.022112909730446568,-0.024760069330529523,0.011894890115925358,0.0101584242322837,0.02118179633054994,-0.010919419036353087,0.003528165371873026,0.021506165017967125
344.71,[M-H+HCOOH]-,-3.500564082188853,-0.03443673341960968,-0.3935210868523297,-0.124882654233629,-0.03842256690211692,0.04258419275439213,0.16080592077690084,0.013318155345885159,-0.013542735299481782,-0.07782441990073669,0.06323422743309799,0.00420982778040965,-0.021422203025355174,-0.013713576810375954,-0.007501260589740565,0.017116169022919066,0.05965377535272,0.012735153054306734,0.008967318508001192,0.03294639326574265,0.006847451256768627,-0.003440571984964913,-0.044891994130107506,-0.01376151441105016,-0.008651324999070844,-0.029455057061844567,0.024555871585110148,0.021907824862525398,0.01647777226140161,0.01884773011320356,0.018741294706775945,-0.0213475290239115
300.05,[M-H+HCOOH]-,-2.5003365723281665,-0.5271684630118086,-0.22036467055340678,0.3860855239366107,0.1445456519385631,-0.08328793393119861,0.11855501530071076,0.11512525486854311,0.07230859038322703,0.07392843276839606,0.08150649177692157,0.0698778273793408,-0.01755863560271297,0.01033322731350898,-0.10008717012937188,0.013172605947459812,-0.03553236676786982,-0.011231885713760653,-0.017522117389256433,-0.01503359872199614,-0.037734431094171204,0.025896279020370186,-0.011626336959469307,-0.030044549151888617,0.03981077092300497,0.02371727039715729,-0.054427056690725964,-0.03523887088717349,-0.01077516115948693,-0.02983316631651609,0.004481289320038877,-0.0019262910873005992
276.72,[M-H+HCOOH]-,-1.499745167341445,-0.611911955185673,0.32485016509140857,0.36647943818024364,-0.140659401918536,0.5704039071197192,-0.0796344993815726,0.2996831914940945,0.09393018585684339,0.1264041884318338,-0.02889960809418813,0.013159008903194817,0.13530810666991125,0.039924825097113696,0.12300462369133859,0.011000477902437897,0.049617857582013224,-0.07504304252103268,0.0038114777268412887,-0.0114858040417235,0.0825360225356207,0.07570792258078647,-0.022106375621176615,0.0250240887406646,-0.02331242799310882,-0.006864428792566207,-0.08037670672591284,0.04866330729538583,0.01981291033887017,0.03163863725187531,0.00565152071366363,-0.06752758181497308
328.61,[M-H+HCOOH]-,-0.5001391617044649,-0.21718216640293203,-0.20246605547798546,-0.17649995955040815,0.10164224402361866,-0.2545477104475726,0.12571520883509793,0.07260936276127673,-0.015367701750002887,-0.09308739187770124,-0.014331875518165182,-0.1053442192320794,0.055943469184815436,-0.04456369822091471,0.17137377645612406,-0.12997328916641898,0.03779735766099833,0.0951130354455254,-0.006125134942314146,-0.08220471554532889,0.020376202963451943,0.07108628714582581,0.015097536010062869,-0.04692221459518982,0.007665468222805865,0.001336746748425006,-0.09042377051804959,-0.0072076524968439195,-0.021848419109828727,-0.027666293186259835,-0.0026197716245535707,-0.004232374937968739
296.6,[M-H+HCOOH]-,0.5001001769449555,-0.5267431692020244,-0.09784073612382037,0.19796647197708772,0.23359212662473444,-0.1082855506579594,0.024490001668876292,0.14380535214789328,0.03913603690558916,-0.04114190918096713,0.04354906145793274,-0.06111100676035104,-0.020045775319713285,-0.023363042439260663,0.06084558980764624,0.01808434315405428,-0.002492353595551217,-0.13609216330046867,0.046517555229481894,0.015484035756083488,0.06450673038634981,0.024610281054073573,0.014420690511578673,0.010904690860918638,-0.010222622603533443,-0.004592435525292241,-0.003599636235704848,-0.025546811862750405,-0.0003546239162134764,-0.03869870404499423,0.035851089053546656,0.019261003531756526
330.87,[M-H+HCOOH]-,1.4999031587591767,-0.23593431867052383,-0.22582976371597407,-0.08394958374187603,0.16449592532499002,-0.0461763917355407,0.06711006381719574,0.1733204153133516,0.014596418301268677,-0.1338904788061938,-0.015692664652871363,-0.14005778352773998,0.13597539757488408,-0.07728124272384454,-0.0930864597625563,0.10132591161144437,-0.006693184196769415,0.0002246325466613727,0.037930101068836646,-0.01517139716864473,0.07266823346271631,-0.013596537097171138,-0.01612305189603216,-0.017659413717248433,-0.002628390932170605,-0.009252318748709524,-0.0050248447779720155,-0.028377828270665074,-0.001381856264758643,-0.027197781061335496,0.01001196186514904,0.008639703976165496
285.84,[M-H+HCOOH]-,2.5001350476836337,-0.6095981798046174,0.3918339569921221,-0.10298421431272979,-0.8982963718244551,0.4286773999773034,-0.034728072690918446,-0.03915234274083681,0.18003959079573464,0.05526234676864041,-0.013416122948477596,0.056863890325882474,0.006455225841553503,0.05857519435905721,0.05241699928213088,-0.004504035965677323,-0.005335659327179652,0.0037719403461379535,0.12792281828868454,0.010044208598111969,-0.006590096232900017,-0.013185185705497532,-0.03595938772506239,0.06841017479869926,-0.04213064699071993,0.05329721736278245,-0.014234991293424136,-0.15686218156142506,0.05972826532406301,0.025164885416354713,0.006684435790314976,-0.0009418337784055535
324.28,[M-H+HCOOH]-,3.5004471549709475,-0.2391827287747751,0.133513159138169,-0.5021758654906342,-0.14636532131398156,-0.09027324805146189,-0.05646883886611624,-0.08541986367940022,-0.0937240654472319,-0.12005248085568948,-0.0980052050140827,-0.0671000458572029,0.027450369968943195,-0.057447979996770496,-0.03487086216481319,-0.08752679692787131,0.026394782169149502,-0.015227857413513634,-0.10745375857979235,0.05524790109148383,-0.07666351417052042,-0.0486281974101389,-0.06188073205521881,-0.13109810576609338,0.05288028982904275,0.044764327883594614,-0.06162782793366181,0.0011520497844304824,0.010202716035607712,0.0033834759722516164,-0.004028926526541522,-0.0267067193409941
347.57,[M-H]-,4.499804504818803,0.04677838875075786,-0.3247425567313232,-0.19556910429202248,0.133940203474123,-0.12595880185867853,-0.10893501613586477,-0.062022748986441674,-0.07320383115916251,0.11392804918539391,0.02422476836688938,0.0024815227367683945,0.15453647301124585,0.11595234409070791,0.06543438723623528,-0.011224008770159034,-0.17431646391815026,0.03450439889103288,0.029092077113677287,0.019575182851917936,-0.07738269755818547,-0.011347845602123423,-0.06256988419843433,0.034494238033836964,0.046124785345749646,-0.06498354576925387,-0.005430179140529305,-0.015128030868447115,0.023555043991764148,-0.018900092378379352,-0.028620177883257866,-0.016926481579072408
329.12,[M-H+HCOOH]-,5.499890300692325,-0.24914194946462273,0.08155338830875951,-0.026718185207464523,-0.19106344080915066,0.3757650706716699,-0.008297917376219,0.3031264230882427,0.027656886277946213,-0.042546827550030156,-0.022665808412972575,-0.07497667509874947,0.30915298150188275,-0.037310692039505454,-0.08628067150534906,0.06595498935792629,-0.029574863825716852,0.018816777370629596,-0.05567311465371456,-0.08472370233749373,-0.051787454882974426,-0.042744145162644,-0.053996345496720194,-0.025251135793321985,-0.03432256558887377,0.03140040222937731,0.09575631036023734,-0.03724689477546376,-0.12653916033764936,0.013598237066826245,0.014658814660404416,0.1009275854296077
326.55,[M-H]-,6.499980255489053,-0.22277984196280162,-0.11827984340048789,-0.1763443118514011,0.000563696414922905,-0.11939693123271253,0.06884321550232153,0.08423401980306197,-0.07330513427772128,-0.1482138306944894,-0.006879443864222921,-0.1684635849080477,0.0057654756966742165,-0.005641647490339257,-0.015844169254089165,0.05156590023448207,-0.019550301616127842,-0.04146380435740651,0.048877086018721934,0.032721043288608975,0.11987600389026921,-0.07209218028535574,0.0654392710178368,0.007449016463617111,0.039250521967479135,-0.04294546415573601,0.004516825073818062,0.03658424816701814,-0.0032777806730889436,0.022100939006228726,-0.11047894240835499,-0.01713852688684158
362.16,[M-H]-,7.499274568374066,0.2722881874753215,-0.547119105053984,-0.07292520595925604,-0.001948100063045484,0.046736672183736734,-0.0982952096835878,-0.13253564879945198,-0.02966761934593044,0.041063583142038465,-0.01649868591582094,0.056042592292288404,-0.00995057365962295,-0.00899518428545456,-0.04282461143282884,0.020528651318473767,-0.009509545614944255,-0.05438131715434287,-0.03227711927669184,0.005624841302900713,0.062165734200037556,0.04038943108136047,0.039432827147683557,0.03561086702806068,-0.009170970552975765,-0.00428991108550898,0.004442603693486433,-0.005994944727531632,-0.026715840887198854,0.022079727894225673,-0.009965486414075445,-0.011398118696673416
300.57,[M-H+HCOOH]-,8.499582867184035,-0.47025227906327044,-0.2217831695163664,0.3904332344064718,0.04408865296562808,-0.02428204453307726,0.09366090359428493,0.07818140719480945,0.05752929823489834,0.07471804111934323,0.08022899047650148,0.0969443869088504,-0.03844081182170204,0.01015784011531482,-0.16313060457142306,0.014503384875727792,-0.01923219915793232,-0.022665927067795976,-0.03363115996447704,0.027606942688973575,-0.034329612772758936,-0.0030224341874370785,0.016033049284180496,-0.022418058629818507,0.0367956497474512,0.04164912885069649,-0.031091519065984962,0.0026161659200348007,-0.0017151743851744085,-0.04302151205983444,-0.03298330311438244,0.024296099647002925
332.68,[M-H+HCOOH]-,9.499812307587524,-0.21398264977111633,-0.19657043128059049,-0.19105167199816717,-0.01157048399211215,-0.15560389716741987,0.18379952389958337,0.052752513464910576,-0.023573903188947434,-0.13364179539825516,0.02503414205624576,-0.07471642453088886,0.006568232620137007,0.00743223446254288,0.1390441219399036,-0.07139653549133664,0.05712874112701467,0.08505605987215455,-0.027934913262550664,-0.03666337600587202,0.02877895746157266,0.0328831279992591,-0.009976648220941782,-0.0320386604785176,-0.0031446663698959706,0.03535305275416042,-0.005998132252901457,0.008875445369357284,0.01625101381937367,-0.022515028262610776,0.01077959178270156,0.019283929665089662
300.16,[M-H+HCOOH]-,10.499526159056048,0.5796099192204948,0.09507747228776041,0.6713222925570993,-0.2322022322863479,-0.22777180995469729,-0.004142368421472416,0.011763097427726108,-0.2232894098003212,-0.17890498911869138,-0.1773413290075361,0.09055944482000035,0.04177223123110775,-0.12016693173534326,-0.02113455911966601,-0.10451823417685376,0.026069080023064368,0.06136419848092366,0.06448975330642535,0.012799388318331417,0.018533086110225337,0.010077112664941228,-0.030175019493194875,0.08325244440559085,0.046629811394788126,-0.01176084396884654,-0.023121238162098375,-0.017270206802180024,-0.004590967809686447,-0.0026815787542068792,0.02816287778554142,-0.007143202147673985
298.67,[M-H+HCOOH]-,11.501865535203828,0.19040757349028817,0.6765240996012662,-0.05638961742936825,0.49769514744356225,0.2841481421406402,0.4281079904170043,-0.4535535477295942,0.25000595607838305,-0.152594355202396,-0.20518947305671578,0.11188690423720206,0.02706142012622668,-0.0025143116646497332,0.007016100421049365,-0.020093796281493825,-0.0408346063116361,-0.009260321104038849,-0.08107883462525077,0.009023055490222644,0.002604448095514939,-0.015721888059214827,-0.040231006119560306,-0.005086147824891362,0.031801383497384705,-0.0400626764813147,0.0065680758896154755,-0.02584575356447279,-0.011654696971686066,-0.005638916225227257,0.008401771544022878,0.02009849059397615
365.54,[M-H+HCOOH]-,12.500200076664134,1.0823966544150243,0.1986815385017859,-0.09739698940682892,0.1381811439252276,-0.03842226407040658,-0.09488112764425258,0.1491135310289478,0.2486927425889649,-0.04900593079865659,0.10470964191568596,-0.09788257221801003,-0.027126073496918146,0.05420384759188787,-0.004233030785809647,0.028399439494376427,0.07598241987263898,0.00046814166284132625,0.01854484920382914,0.018993103256639485,-0.03829934342175255,0.04306730095712024,-0.05921708244662983,0.012269469883630688,0.08795342537507099,-0.007090541983293747,-0.00711652077346616,0.007489630195767191,-0.04244659559541259,0.023905650545003827,-0.009544649714599819,-0.07152606170424643
351.05,[M-H]-,13.499604721322761,0.06694995029818683,-0.420161992764895,-0.17459348343220654,0.044991995760721715,-0.06968019516597865,-0.058880904082588434,-0.06780485323696951,-0.059513305196076616,0.07681056118788902,0.022786512604439604,0.00621989381122376,0.09883910155940134,0.07290372235624312,0.07081806697397026,0.024775133676124272,-0.11844110388941377,-0.01070571002162299,0.023860943566054272,0.005635612008980674,-0.07112395820788499,0.0014861610717658961,-0.04518434430567695,0.03897198537883244,0.039452752869340524,-0.014672788267628169,0.007575784806472166,0.01888423084243351,0.020103543686171555,-0.014890879320951218,0.009765185043991103,0.003006599350574189
357.91,[M-H+HCOOH]-,14.500096762966024,1.066671099186514,0.20578160299928547,-0.0018258120934311513,0.05831535548691953,-0.007042419595285563,-0.17572742786905848,0.1364102892893609,0.2630758805916424,-0.02320969275042355,0.04864898601528341,-0.02891950194119763,-0.026449376012593354,0.044403446499538334,-0.029663871173299234,-0.05148722500625122,0.037832790618342944,0.022491387741645625,0.01752268767238683,-0.011059533436667582,-0.028871996191712487,-0.0442728012468284,0.03194947920792569,-0.0036646601724257257,-0.021574697656397794,0.0010730328504764393,-0.0250071920898901,-0.00728077221261057,0.01376254290254761,-0.022436924995085112,-0.023712574126893947,-0.0022298852792804777
315.9,[M-H+HCOOH]-,15.499958123742706,-0.3122137389831066,0.2202863925007956,-0.3205415340222052,-0.6967446892779511,0.36000781327190645,0.09185225327952773,0.01276345307079221,0.023112603575075153,-0.04957594061084294,-0.023227633048855598,-0.09876163084624895,0.04238051142301817,-0.049844145916930684,-0.03029255436301823,-0.07805177016801619,0.024775249899509605,-0.04232850959017102,-0.06938750407332374,0.07519624349406141,-0.06308526643543284,-0.0027944683873752487,-0.030985887632051765,0.020354200989201772,0.022191764795318612,0.04654626168221602,0.009344347442671935,-0.0847340785619056,0.020378316545875342,-0.023847205641983883,-0.009589682858282217,-0.027058391910534836
298.71,[M-H+HCOOH]-,16.49997135738588,0.63715083774339,0.2055115454699473,0.3722798853636702,-0.25279976833150963,-0.2564539508314953,-0.08759568317790685,-0.10387840659614812,-0.11529723856740225,-0.13795676890984493,-0.11556587377599462,-0.02144118237757173,0.05215768464202795,0.25213220050945884,-0.02865887345687732,0.04472287163390102,0.02517312350879987,-0.2086719629531363,0.018359994567021698,-0.06250799947267723,-0.030800621757927093,0.20530633290306738,-0.038247752162633826,-0.05046628889422179,0.02910140784920385,0.05361538095367076,0.09546062648720494,0.039274877358367405,0.040739890552651696,-0.028808860497481686,-0.040825555173777194,0.02485254740870056
352.55,[M-H]-,17.499196112528384,0.20071769747416535,-0.6039860559557272,-0.0680389674215984,-0.017581932684449377,0.08404750652896921,-0.09062695871733209,-0.09062415800270661,-0.0025510003130228857,0.02039728684794275,-0.014703543001488592,0.1349934601169929,0.014733572649334063,-0.00568077713349191,-0.059702074945498534,0.02437071152980269,0.008000832329196341,-0.04923143191576773,-0.0365882419425021,-0.002973030256333225,0.027703502082315926,0.009935121688710675,0.009880780659238999,0.01579889532705131,-0.07372879302878317,0.014440124713488033,-0.008777439339621496,0.008257563986373862,0.01469253822606219,0.013743104652659325,-0.018989708998844973,-0.009464552001074438
298.98,[M-H+HCOOH]-,18.50042459115637,-0.2277343593955815,0.39351523760277807,0.16104789382330062,0.07274376327372006,0.6516706595372769,-0.10924553353430802,0.17245582031369489,-0.0903541764181423,0.056364229942368047,0.1317305092753758,0.036637710531621674,0.03482066807698128,-0.04365043437473985,0.0648846136692022,-0.14205847462843807,-0.010139527341791608,0.016676714569688104,-0.029870734132964732,0.07399804471165287,0.022467538271961254,0.09252419208272003,-0.020616395512118742,-0.02959887924677981,0.005437864238507588,-0.039961141868459504,0.014754521699715523,0.04829304383122697,-0.035800189738965295,-0.044750776228190785,-0.0807072991548526,0.013164552896067013
300.59,[M-H+HCOOH]-,19.50120057542423,-0.5204818542888296,0.37994369620796803,-0.07554549691275268,0.3963484149386825,0.061648890773517075,-0.2793688397175193,0.03525398277492602,-0.2350056915781617,-0.09698206290819175,-0.00038433408486936664,0.023252238310356072,-0.08763546295886394,0.046267468451009694,0.014582536696962325,0.039892004279819454,0.06512214087031783,-0.003052230756511339,0.023457653101974618,-0.022747408990044432,-0.060905891802974337,-0.0704708446409552,0.01713391998542131,0.019870422705114237,-0.012361400515241535,0.0351887179183858,-0.004615602305331183,-0.04199137047520911,0.03766425935555887,0.03500844125935773,-0.004151781222648372,0.0028765727308658505
271.63,[M-H+HCOOH]-,20.500186387287542,-0.7840166940761814,-0.023878510129415897,0.32297753018265823,0.15722270622295123,-0.29121421915301765,0.03884359229153443,0.17050947075155787,0.19881955738533502,0.13200433074598172,-0.0653406495702492,-0.06269941074545342,0.0327498924847483,-0.08099880740655967,-0.03250217735358779,-0.02347831549928286,-0.019011282266889425,-0.018846561463841754,-0.02371063868234598,0.0064170327783588076,0.0008516981781710437,0.020418032321520903,0.013114550680896416,0.014490997311204913,0.0023438742350599608,0.02245129816744065,0.003276707892435709,-0.021978893264348952,0.028271246862420205,-0.026784296036563703,-0.0047293856657508624,-0.005579199029731317
316.72,[M-H+HCOOH]-,21.49923728728849,-0.1566346870917826,-0.36430690088915996,0.26660600311051524,-0.27828117495107985,0.25793137876542854,0.11007616064072782,-0.007969145020253079,-0.06502010373997019,0.12388502369734807,-0.013784902778926954,-0.03882984017944204,-0.05362769520675976,0.06913439356438815,-0.027517277348691173,0.043073305911145575,0.08074984196100779,0.00205295697708547,0.021787230739746664,-0.0759366032688738,-0.06456674632492336,-0.055736397365915846,0.10702626408770763,0.009865791114159469,0.0556649300502952,-0.07775071539055389,0.00638905988644361,-0.0035513594141082876,-0.04218271122526413,-0.008349248852899501,0.015125154118240032,0.013754924828332973
322.07,[M-H+HCOOH]-,22.499258935405578,-0.17582671876183034,-0.42196938309893134,0.09273218756418458,-0.10000224645356759,0.009481402809896585,0.19270229174952228,0.016770780960323958,-0.01361526366251198,-0.07258788292380278,0.1661064173417901,0.07694738371118351,-0.07756986904394253,0.03505414760036901,-0.07004000305415217,0.07707124654450768,0.022519560904050485,0.02011439541139966,0.04195323941037941,0.015148240813117176,0.013444687762454428,0.018592142957446694,-0.02869715941756048,0.004839714714358813,-0.043928806040857284,-0.0574984140371887,-0.013613273689955867,-0.004286807535511783,-0.017546805965174796,0.0021402808716290684,-0.010638508403067005,-0.04108927442975707
331.8,[M-H+HCOOH]-,23.499404105722213,-0.28267733724544275,-0.3730780851110039,0.09618132855936994,-0.03001609481266394,-0.06161001263496143,0.2018088779243297,0.043488156645803515,0.009110213133995014,-0.06635053864279987,0.16044295664813787,0.11873524555109252,-0.04735700844000531,0.08919429978264945,0.10936936014120793,0.031001200729557424,0.07689897005092007,0.10379033610679048,0.01171068639075723,-0.1214450220176347,-0.00862666368663786,0.04391374644532263,-0.03515099884171556,-0.031714745299981424,-0.04658414949512938,0.016878951363654287,-0.002723792452996024,-0.001015115584690211,0.00788726769074845,-1.0918462703011398e-05,0.026139049073867864,0.012635737126153995
293.59,[M-H]-,24.49956937926789,0.5233815755870909,0.10830588473419218,0.6294593971638411,-0.2243903044272941,-0.2475252423967377,-0.012593639772079068,0.04407147649979278,-0.22453592274517906,-0.1764286080533056,-0.17164258338978838,0.10978402489010519,0.08236776486243573,-0.0632285740715978,-0.07422512705058282,-0.14272257683681341,-0.006355252779603025,0.10032430354987003,0.04620987015627368,0.007685852183823585,0.03227258824089996,0.005634407568981038,-0.022879228852439995,0.04812366912687339,1.5043127516369356e-05,-0.02748702795074168,-0.048068430875822736,0.0005332455362257953,-0.04211854190904942,0.033325702680079124,0.008398386945011783,-0.014615950752973327
275.95,[M-H+HCOOH]-,25.501108219903458,-0.7534321802424038,0.3535944617593208,0.02892108965161941,0.2873240716520404,-0.18522846206638127,-0.2629609925945696,0.060639453484869765,-0.08259360643033276,-0.011630487296772803,-0.05153808968683066,0.01803320707566709,0.00253190864015791,0.0422355426007338,0.05985153188565136,0.1291684748818576,0.09366888567237375,-0.04969476799107355,0.025658957470179614,-0.029227881708746843,-0.027278993729061056,0.0018372318821354016,0.01107693480769193,0.03913540985547125,-0.03350147665659457,0.0057324463546926776,-0.0007162760690779631,0.026428290929288514,-0.02699301607642902,0.05113633209554055,0.04162268334524385,-0.008915630948026403
332.19,[M-H+HCOOH]-,26.50119548769577,0.3170180414484043,0.44919646910941635,-0.05845625418080353,0.5282559432927285,0.32586424922510215,0.41862196003750124,-0.16452697495058516,0.13518323821209746,-0.04376952971424228,-0.008453032005516515,0.02213198774592596,0.04939535138768378,-0.11613689203710482,-0.054046263333473295,0.01573710778305301,-0.05565094049726863,0.04077881235624423,0.2675836002219394,0.13471164230124208,-0.08948571711723523,0.085042173313814,0.1101201672198475,-0.09839635782644615,0.026416548726996735,0.04878040339426843,0.04162020808748071,0.0039634254476833206,-0.0037546919256241265,0.06589350537693535,0.03764910364424311,-0.0075957921346249254
307.43,[M-H+HCOOH]-,27.50089626570335,-0.3805911628776145,0.2871870827935782,-0.08871199276199122,0.3235334250979291,0.08315915978299335,-0.1940935189443087,0.05460929338822871,-0.20033643882226557,-0.11858096074467515,0.08643169650222668,0.0542293754319231,-0.0563002984791512,0.02969680604515394,-0.022633274482111037,0.06752014970788808,0.010662649864303549,-0.028151235193875978,0.02187170759917753,-0.0018421645331708953,-0.04074452467238798,-0.01305007575037228,-0.008781423733858455,0.03221438320454528,-0.013616135552502988,0.012523000558566375,-0.05799202786872819,0.03048893385092236,0.0049770318669731285,0.052397103222419424,-0.003202620810301965,0.0005898050191329197
329.46,[M-H+HCOOH]-,28.499735336943168,-0.22031607560815325,-0.23423254699878848,-0.22543773190428784,-0.11345043390992329,-0.10696105272923007,0.18562453873768317,0.07647430418134005,-0.021189529598030075,-0.14017022748622252,0.030281147243564815,-0.11764579796054951,-0.0009297339918541741,-0.0461166896562395,0.0014620494540500747,-0.03786052197892408,0.028648906301044694,-0.025301906297048975,-0.015381176899752005,0.07503815314748256,0.02148000747800376,-0.024164959569368507,-0.033339076078212154,-0.003860852064968108,-0.02243075894434316,-0.016843497871097207,0.010389323403679653,0.012702949894065783,0.0061904329765023625,-0.02069827816681165,-0.007934303781896182,-0.02478165583512221
271.25,[M-H+HCOOH]-,29.500051482343686,-0.7873896616937451,-0.00467891480052056,0.2355045162659537,-0.1314209531634419,-0.41105078112799964,0.047906519000920175,0.0008455381086898341,0.20729458094957548,0.12952102729930018,0.013946588293096538,-0.012002532756323707,-0.11708098474307414,-0.039712080649319276,0.09902001610267673,-0.12095847692443447,-0.043160625252319805,-0.049347520366489726,-0.03391142941310681,0.016639603205571202,-0.009030030392988296,-0.012057518347937168,0.0027165555063978293,0.05483320520595893,-0.02104900914218097,0.025132846709311565,0.09011018362605036,0.02425926439286328,-0.055053882850837094,0.010405322924897525,0.013423973609781113,-0.03787105961174672
355.36,[M-H+HCOOH]-,30.499308202844443,0.013145437103484325,-0.4335704848523405,-0.10082483609692602,-0.14038088563996418,0.07922544448015165,0.14029607456965784,0.00019173209639393343,-0.01834997402661455,-0.05764026549461426,0.07169111516303978,0.026280943349744224,-0.04515745651106497,-0.028025380489175904,-0.04540603993154555,0.021461766462097753,0.07383908265056008,0.010384727273803072,-0.009746923657011679,0.06070854838661032,0.01505074489409295,-0.022575873846206528,-0.009290003633135719,-0.007898399043098596,-0.017785694309385137,-0.015021975574614509,0.04678724734078397,0.04163610632910426,0.021068838963716266,0.009302273602101539,-0.010873860086421131,0.00489600790874785
297.74,[M-H]-,31.500641677859708,-0.04996571659039482,0.2141150175369197,0.41703924333921955,0.09267476135871276,0.39021032391042665,-0.10152982711329332,-0.29431606330907983,-0.17673537700806397,0.2963433470958399,-0.15472001822043838,-0.31287873952974077,-0.28333103388956404,0.09756927616518332,-0.10367831884596057,0.01968314658525052,-0.10718344609008557,0.11634821283592345,0.05285843878967574,-0.04559356691899732,0.11467482817463848,-0.05918161293540037,-0.1428932928687818,-0.10787715020838891,-0.04727662069257631,0.04684776432805467,0.011031186224429272,0.03455028206670826,0.006955272404712548,-0.06115611564564105,0.03976401737953408,-0.0028094556004129327
289.96,[M-H+HCOOH]-,32.500792979183764,-0.7474714221885859,0.37438914739128537,-0.37667546096268284,-0.46178111648504266,-0.36440505328849143,-0.2794951419904324,-0.2133927319758603,0.08139033131697782,-0.06329584776364287,-0.022726981522662355,0.04359786222620007,-0.0788236002700017,0.03794829874134986,0.041371924497091504,0.08446564888250747,-0.003175209619358411,-0.028233942495784013,0.09901327015331528,-0.009888516781814445,0.01786188306920192,0.009886679311857305,0.046262828804400524,-0.04224619736009457,-0.0002313406710681835,-0.025921862188172915,-0.06689743648972589,0.04772476370046238,-0.09060614277904541,0.0037095218793788856,-0.014799084587915078,0.07383169825861713
358.85,[M-H]-,33.499278510844306,0.22185121113421455,-0.5555728536215991,-0.03501975892459218,-0.05461291537889101,0.18034811307688475,-0.1532182164237486,-0.03607732476316868,-0.057089557898858966,0.14421241143183552,-0.1560351526966767,-0.02020044358752332,0.07557165783325366,-0.032689324635760963,0.03452034882169389,-0.072717416911127,0.029696218358280416,-0.027774530803231987,-0.052860871506299714,-0.055231586170184484,-0.04273468081856282,-0.030461299313104987,0.1303881826080236,-0.014796070190843051,-0.014993304591024579,0.023169415080370726,0.0009772911764142811,-0.010887780616136386,-0.03877394529561998,-0.022870812674475813,0.003946645556614121,-0.006147689003360291
306.03,[M-H]-,34.50052947520632,0.4451995764468618,0.5307107995809441,-0.5509249774645103,-0.1075357874298822,-0.22382290032580884,0.18639618974503738,0.17155563619904224,-0.20762157484925503,0.2722639511857591,-0.11443994689267928,0.19114087292147572,-0.056395155029232966,0.008932375013947044,-0.10383959389445946,-0.09992907569064367,-0.05257477531192756,-0.07607536463170984,-0.06363701396215177,-0.08053571930563481,0.057689993521978705,0.032976770492774136,-0.012381071271797077,-0.11082031592888848,-0.028811840306602415,-0.18749504404805215,0.03371735817161833,-0.06958164057942713,0.03338291158126062,0.08540036429157893,0.03756864549790305,0.008333508969889386
357.31,[M-H+HCOOH]-,35.4993737597736,0.1690755965623105,-0.5688018515522276,-0.16741481349799597,0.0001135575685485448,0.05642108064805941,-0.10591846519505849,-0.04769525929221942,-0.0013013961125641496,0.014668858997869292,-0.05608598611390114,0.06740983846198849,0.05772100914331162,-0.0509604867978909,-0.014053271700743055,-0.033119900979313596,0.004064181873193027,-0.06619716687304589,-0.03916678038123685,0.021170247080219404,-0.0038659380462372846,-0.011102503011988795,0.018031419220784165,-0.03188014654806469,-0.08003504707230885,0.06337160073655812,0.018670248429754666,0.019057912468112913,0.015933655259782232,-0.013334754483708047,0.006687546503162411,-0.02160070121751744
360.72,[M-H+HCOOH]-,36.500068658043055,1.0852987607156972,0.15113683798374447,-0.015046571865125093,0.05701032666145099,-0.0002875166810982789,-0.19770010438466057,0.12972761536553365,0.24738446807845846,-0.0033525658956806642,0.05612480551977863,-0.025683371269705553,-0.04101391795708838,0.01720686840992129,-0.015482999207603513,-0.06572882027501181,0.020755181665738125,0.02112813871003509,0.016321760956398396,-0.01623268068293187,-0.013895192556117857,-0.03180076301799722,0.02648900656126247,0.002177421698473779,-0.008630356294471259,-0.003558762577915718,-0.028459645387904346,-0.004491391799825399,0.007374874114751697,-0.019515753153371156,-0.01405917219740756,0.009347957783981163
295.41,[M-H]-,37.49956589500525,0.6771079522628328,0.2442847608817877,0.5202291276278341,-0.2622400761679582,-0.15646707533714063,-0.0008417581031171661,-0.07563817146467751,-0.14628754285877452,0.0225390491172236,0.1635851498283272,-0.031389472136503185,0.03895027718471298,-0.09422755005300973,0.08774744147302792,0.06678409842736487,-0.07944791685837714,0.09854796170504716,-0.08806927213023633,0.10478820813607527,0.11827238923436324,-0.0690702542654108,0.01831908596900754,0.05707117521757668,0.02098197524078446,0.043258062098395646,-0.005054387967090547,0.0143269847385549,0.0317911385192906,0.07048738606549507,0.04572318705343489,0.05364808913282577
300.64,[M-H+HCOOH]-,38.50110275810498,-0.40605232511150985,0.3943846701975817,-0.09371572465187696,0.374672574131275,0.07148160092609919,-0.2743057035630858,0.02093513910154499,-0.27310715582512574,-0.0878325581121387,0.10204524509067794,0.057488279601640005,-0.06487516611955214,0.046748512814049674,0.01047770530714891,-0.01970648173876932,0.08053187089771527,0.029524366584466912,0.005540650396172824,0.019538061453048136,-0.046751143197968685,-0.021154783031452882,0.00038689357880864145,0.010799144842082298,-0.024056086520421908,0.023387651383345556,0.029504298225005162,-0.057334477294994364,-0.020314014023041668,-0.005369121579818474,-0.034292117411696244,0.0018113092266906418
328.83,[M-H+HCOOH]-,39.49923798823627,-0.0434048201174493,-0.4567232580013756,-0.06357466630190074,-0.1905102674084046,0.11313670860504355,0.14513390034754267,0.016178011604341378,-0.02176630774851408,-0.057853690188099806,0.07775561620778869,0.05558019112248239,-0.0589343709473032,-0.02150163425259494,-0.06684840499481942,0.04095238754374533,0.09204715630519163,0.006082930249403284,-0.0110792310384219,0.0705684059890704,-0.0022965641203416933,-0.032473553691773176,0.0005029970220398495,-0.014628011720500484,-0.018410702560515173,-0.005942832691613358,0.05189713026102961,0.042423211815753196,0.035414747866892686,0.010175226567697516,-0.025252338328959407,0.01695761436634328
276.69,[M-H+HCOOH]-,40.501729326845044,-0.1253348361384063,0.6099396666553123,0.10632131303869798,0.3641915655425475,0.21894509589142166,0.44990304533950876,-0.4131148263742086,0.20056541331681876,-0.18960686328466958,-0.21437755089616659,0.12288648329611186,0.05518682722168742,0.11690317178542248,0.10258136686042356,0.07051436647768668,0.013122686090178947,-0.04387641908440445,-0.10940687660034054,-0.06934680754421502,0.05283069000209616,-0.05099766734818433,0.012617423605228082,0.10923530204224853,-0.023387397822338958,-0.0055146748121012844,-0.03678773831085409,0.0012420976196296821,-0.0019025816086179462,-0.04262359434091745,-0.035967243625030496,0.0011812093110924588
356.82,[M-H+HCOOH]-,41.50000698205874,1.1001843793497053,0.12466920638773193,0.013999061904149722,0.03861051866185538,-0.0038153992995794386,-0.15573050936878738,0.13793715790324337,0.2542423910547753,-0.006731410458932101,0.04726283610264722,-0.0518065934131012,-0.05937407047807838,0.003092521752682634,-0.03297748882033009,-0.05734350150564066,0.018355031430600636,0.009491073981787154,0.004390595688729334,-0.032967423659235356,-0.023806876060597677,-0.055622205935676315,0.01906438741427846,0.0006286611988822967,-0.02129156074271951,-0.012023802535407992,-0.006919636989539908,0.016004297475261206,0.01708708951801984,-0.01350453711609979,0.0054732595537228985,0.029763447710729134
278.98,[M-H+HCOOH]-,42.50025988190278,-0.7717996794697245,-0.02000440203954335,0.32680725964309154,0.15224432069777294,-0.32495379582339046,0.032520454955805106,0.12982776037353141,0.11631361597555137,0.2321187564796617,-0.06311570234578626,-0.11185374126391229,0.06340477807843921,-0.04656517857799713,0.0012007019585243755,-0.0002850530983062856,-0.04438961900162496,-0.006344630305290103,-0.014436575487377874,-0.0356686960772934,0.0002604013349063583,-0.0062186551229526385,0.026661401174362078,0.02531376910878398,0.0756612607237398,0.01655368741909118,-0.012181102163902257,-0.0032636055595150143,0.11392381236041649,0.012906701987728302,0.013256060734700563,0.008222011414430045
322.39,[M-H]-,43.49999260611692,0.6600170062738954,0.3042813207663103,-0.39709299708715956,-0.025507497141707174,-0.1367826657263561,0.2658666816512942,0.24532210586745348,-0.138036331726352,0.2579572823730495,0.0008427442705564715,0.03966379755403221,-0.05123043989282315,-0.04381152012983609,0.027505358586536025,0.04046942514937945,-0.0068355818005799195,0.01751190020553812,-0.012999444022454744,0.011677047747290881,0.013044308981896775,0.05801519181388279,0.022213501878958455,-0.01089344445384971,-0.001185407831285079,0.07579043870947201,-0.022245022079480047,0.005971010270987857,-0.0284019162247775,-0.024604027710123027,-0.004022707100092768,-0.016379870369432874
347.4,[M-H]-,44.4994616085185,0.14671459961620278,-0.5098542583346941,-0.1754466878153746,0.07788519295956492,-0.07322897425480647,-0.07413063944427649,-0.038279993245495685,-0.04959475322756299,0.09640833546366048,0.06743848952139557,0.03798266861444939,0.12192891156295717,0.05576090160963453,0.0639629334995363,0.0312832763596588,-0.11382994224774394,0.03389739773288333,0.029658494158574196,0.03890335149785282,-0.04194784196917192,0.027107409275329602,-0.05301779220992503,0.0280794191647088,0.010006722758421856,-0.029072476648341252,-0.009069452316968353,0.003056770900970162,0.0049156682750223675,-0.023006317809378785,-0.013332861577706499,0.009524511734655836
